{"level":"info","message":"POST /api/auth/register 201 - 7916ms","timestamp":"2026-07-20T21:04:46.788Z"}
{"level":"info","message":"POST /api/auth/register 201 - 3045ms","timestamp":"2026-07-20T21:13:45.648Z"}
{"level":"info","message":"POST /api/auth/register 201 - 3656ms","timestamp":"2026-07-20T21:19:56.589Z"}
{"level":"info","message":"POST /api/auth/register 201 - 4266ms","timestamp":"2026-07-20T21:30:07.138Z"}
{"level":"info","message":"POST /api/auth/register 201 - 3145ms","timestamp":"2026-07-20T21:32:38.579Z"}
{"level":"info","message":"POST /api/auth/login 200 - 5104ms","timestamp":"2026-07-20T12:08:50.060Z"}
{"level":"info","message":"POST /api/orders 400 - 3716ms","timestamp":"2026-07-20T12:09:26.119Z"}
{"level":"info","message":"POST /api/orders 400 - 3073ms","timestamp":"2026-07-20T12:13:37.928Z"}
{"level":"info","message":"GET /api/products 200 - 4222ms","timestamp":"2026-07-20T12:14:14.078Z"}
{"level":"info","message":"POST /api/auth/login 200 - 4224ms","timestamp":"2026-07-20T12:15:30.997Z"}
{"level":"info","message":"POST /api/orders 201 - 8477ms","timestamp":"2026-07-20T12:15:56.503Z"}
{"level":"info","message":"POST /api/orders 201 - 6689ms","timestamp":"2026-07-20T12:43:11.375Z"}
<<<<<<< HEAD
<<<<<<< HEAD
{"level":"info","message":"POST /api/auth/login 401 - 6236ms","timestamp":"2026-07-20T13:43:59.474Z"}
{"level":"info","message":"POST /api/auth/login 401 - 4916ms","timestamp":"2026-07-20T13:44:18.900Z"}
{"level":"info","message":"POST /api/auth/login 401 - 5867ms","timestamp":"2026-07-20T13:44:35.912Z"}
{"level":"info","message":"POST /api/auth/login 200 - 4750ms","timestamp":"2026-07-20T13:45:03.341Z"}
{"level":"info","message":"POST /api/orders 429 - 7723ms","timestamp":"2026-07-20T13:45:51.193Z"}
=======
>>>>>>> 38c259d17a8a0c50cf5e4b842eebf0e1b6267f2f
{"level":"info","message":"POST /api/orders 201 - 6228ms","timestamp":"2026-07-21T19:44:36.602Z"}
{"level":"info","message":"POST /api/orders 201 - 10748ms","timestamp":"2026-07-21T19:50:19.477Z"}
{"level":"info","message":"POST /api/orders 201 - 6782ms","timestamp":"2026-07-21T20:03:23.091Z"}
>>>>>>> main
=======
{"level":"info","message":"POST /api/orders 201 - 6228ms","timestamp":"2026-07-21T19:44:36.602Z"}
{"level":"info","message":"POST /api/orders 201 - 10748ms","timestamp":"2026-07-21T19:50:19.477Z"}
{"level":"info","message":"POST /api/orders 201 - 6782ms","timestamp":"2026-07-21T20:03:23.091Z"}
{"level":"info","message":"POST /api/auth/login 200 - 4265ms","timestamp":"2026-07-21T20:26:28.591Z"}
{"level":"info","message":"POST /api/orders 201 - 6992ms","timestamp":"2026-07-21T20:27:36.284Z"}
{"level":"info","message":"POST /api/auth/login 200 - 6344ms","timestamp":"2026-07-22T18:05:41.185Z"}
{"level":"info","message":"GET /api/users/profile 200 - 3499ms","timestamp":"2026-07-22T18:06:30.661Z"}
{"level":"info","message":"PUT /api/users/profile 400 - 3889ms","timestamp":"2026-07-22T18:11:01.231Z"}
{"level":"info","message":"PUT /api/users/profile 200 - 6275ms","timestamp":"2026-07-22T18:11:34.603Z"}
{"level":"info","message":"PATCH /api/users/change-password 404 - 81ms","timestamp":"2026-07-22T18:14:11.090Z"}
{"level":"info","message":"PATCH /api/users/change-password 200 - 3717ms","timestamp":"2026-07-22T18:24:46.365Z"}
{"level":"info","message":"POST /api/auth/login 401 - 3465ms","timestamp":"2026-07-22T18:25:11.011Z"}
{"level":"info","message":"POST /api/auth/login 200 - 4514ms","timestamp":"2026-07-22T18:25:27.279Z"}
{"level":"info","message":"GET /api/products 200 - 3397ms","timestamp":"2026-07-22T18:44:43.618Z"}
{"level":"info","message":"POST /api/orders/guest%0A 404 - 61ms","timestamp":"2026-07-22T18:45:38.122Z"}
{"level":"info","message":"POST /api/orders/guest%0A 404 - 113ms","timestamp":"2026-07-22T19:05:02.444Z"}
{"level":"info","message":"POST /api/orders/guest%0A 404 - 198ms","timestamp":"2026-07-22T19:10:03.765Z"}
{"level":"info","message":"POST /api/orders/guest%0A 404 - 121ms","timestamp":"2026-07-22T19:10:26.748Z"}
{"level":"info","message":"POST /api/orders/guest 201 - 6009ms","timestamp":"2026-07-22T19:11:09.493Z"}
{"level":"info","message":"POST /api/orders 201 - 6124ms","timestamp":"2026-07-22T19:22:32.692Z"}
{"level":"info","message":"PUT /api/orders/924f6a39-5d26-4eb7-9ec5-6c04476b6873/cancel 403 - 3059ms","timestamp":"2026-07-22T19:23:59.810Z"}
{"level":"info","message":"POST /api/auth/login 401 - 5336ms","timestamp":"2026-07-22T19:35:00.718Z"}
{"level":"info","message":"POST /api/auth/login 200 - 3430ms","timestamp":"2026-07-22T19:35:23.896Z"}
{"level":"info","message":"PUT /api/orders/924f6a39-5d26-4eb7-9ec5-6c04476b6873/cancel 403 - 2651ms","timestamp":"2026-07-22T19:35:52.440Z"}
{"level":"info","message":"PUT /api/orders/924f6a39-5d26-4eb7-9ec5-6c04476b6873/cancel 403 - 2311ms","timestamp":"2026-07-22T19:36:33.393Z"}
{"level":"info","message":"PUT /api/orders/924f6a39-5d26-4eb7-9ec5-6c04476b6873/cancel 403 - 5077ms","timestamp":"2026-07-22T19:38:36.700Z"}
{"level":"info","message":"PUT /api/orders/924f6a39-5d26-4eb7-9ec5-6c04476b6873/cancel 200 - 7241ms","timestamp":"2026-07-22T20:01:13.622Z"}
{"level":"info","message":"POST /api/orders 401 - 21ms","timestamp":"2026-07-22T20:02:27.280Z"}
{"level":"info","message":"POST /api/orders 201 - 7342ms","timestamp":"2026-07-22T20:03:18.505Z"}
{"level":"info","message":"PUT /api/orders/27a0920e-d59e-45e4-bff3-93aa8e9f1dbf/cancel 200 - 6838ms","timestamp":"2026-07-22T20:05:35.031Z"}
{"level":"info","message":"POST /api/auth/login 200 - 2797ms","timestamp":"2026-07-22T20:10:11.177Z"}
{"level":"info","message":"PUT /api/orders/1b7fb09d-88ed-4078-96f6-c59047a4e075/cancel 403 - 3244ms","timestamp":"2026-07-22T20:11:24.404Z"}
{"level":"info","message":"POST /api/auth/login 200 - 3746ms","timestamp":"2026-07-22T20:13:29.128Z"}
{"level":"info","message":"PUT /api/orders/1b7fb09d-88ed-4078-96f6-c59047a4e075/cancel 400 - 3035ms","timestamp":"2026-07-22T20:14:16.300Z"}
{"level":"info","message":"PUT /api/orders/0947d285-cb2e-48f5-9d65-c2e5a64c39d1/cancel 200 - 9966ms","timestamp":"2026-07-22T20:15:03.760Z"}
{"level":"info","message":"GET /api/orders/0947d285-cb2e-48f5-9d65-c2e5a64c39d1 200 - 6031ms","timestamp":"2026-07-22T20:18:42.054Z"}
{"level":"info","message":"GET /api/orders/0947d285-cb2e-48f5-9d65-c2e5a64c39d1 403 - 2904ms","timestamp":"2026-07-22T20:19:22.886Z"}
{"level":"info","message":"GET /api/orders/0947d285-cb2e-48f5-9d65-c2e5a64c39d1 403 - 3707ms","timestamp":"2026-07-22T20:20:11.711Z"}
{"level":"info","message":"GET /api/orders/0947d285-cb2e-48f5-9d65-c2e5a64c39d1 200 - 3102ms","timestamp":"2026-07-22T20:21:04.238Z"}
{"level":"info","message":"GET /api/orders/0947d285-cb2e-48f5-9d65-c2e5a64c39d1 200 - 4290ms","timestamp":"2026-07-22T20:21:41.597Z"}
{"level":"info","message":"GET /api/orders/0947d285-cb2e-48f5-9d65-c2e5a64c39d1 429 - 1ms","timestamp":"2026-07-22T20:22:25.897Z"}
{"level":"info","message":"GET /api/orders/0947d285-cb2e-48f5-9d65-c2e5a64c39d1 403 - 4883ms","timestamp":"2026-07-22T20:41:49.498Z"}
{"level":"info","message":"GET /api/orders/0947d285-cb2e-48f5-9d65-c2e5a64c39d1 200 - 3250ms","timestamp":"2026-07-22T20:42:16.026Z"}
{"level":"info","message":"POST /api/auth/login 401 - 2278ms","timestamp":"2026-07-22T20:43:54.308Z"}
{"level":"info","message":"POST /api/auth/login 401 - 170ms","timestamp":"2026-07-22T20:43:57.122Z"}
{"level":"info","message":"POST /api/auth/login 401 - 169ms","timestamp":"2026-07-22T20:43:59.054Z"}
{"level":"info","message":"POST /api/auth/login 429 - 1ms","timestamp":"2026-07-22T20:44:00.463Z"}
{"level":"info","message":"POST /api/orders 429 - 1ms","timestamp":"2026-07-22T20:45:32.664Z"}
{"level":"info","message":"POST /api/orders 400 - 3049ms","timestamp":"2026-07-22T20:55:41.515Z"}
{"level":"info","message":"POST /api/orders 400 - 1518ms","timestamp":"2026-07-22T20:56:55.495Z"}
{"level":"info","message":"POST /api/orders 429 - 1435ms","timestamp":"2026-07-22T20:57:32.014Z"}
{"level":"info","message":"POST /api/orders 400 - 3379ms","timestamp":"2026-07-22T21:18:26.523Z"}
{"level":"info","message":"GET /api/products 200 - 2578ms","timestamp":"2026-07-22T21:19:22.663Z"}
{"level":"info","message":"GET /api/products 200 - 3ms","timestamp":"2026-07-22T21:20:00.863Z"}
{"level":"info","message":"GET /api/products 200 - 3ms","timestamp":"2026-07-22T21:20:43.155Z"}
{"level":"info","message":"DELETE /api/admin/cache 200 - 1924ms","timestamp":"2026-07-22T21:22:42.031Z"}
{"level":"info","message":"GET /api/admin/users 404 - 32ms","timestamp":"2026-07-22T21:30:18.406Z"}
{"level":"info","message":"POST /api/auth/login 200 - 3815ms","timestamp":"2026-07-23T04:45:47.372Z"}
{"level":"info","message":"GET /api/admin/users 404 - 10ms","timestamp":"2026-07-23T04:47:13.336Z"}
{"level":"info","message":"GET /api/admin/users 200 - 3226ms","timestamp":"2026-07-23T04:57:14.428Z"}
{"level":"info","message":"POST /api/auth/login 200 - 3366ms","timestamp":"2026-07-23T05:00:21.907Z"}
{"level":"info","message":"PATCH /api/admin/users/6b733c33-8236-4862-b338-1662b4694fc3/role 200 - 2358ms","timestamp":"2026-07-23T05:03:20.018Z"}
{"level":"info","message":"DELETE /api/admin/users/87ebe78f-4d95-4490-8cfa-f3473ab4ed96 200 - 2179ms","timestamp":"2026-07-23T05:07:45.556Z"}
{"level":"info","message":"DELETE /api/admin/users/87ebe78f-4d95-4490-8cfa-f3473ab4ed96 200 - 2935ms","timestamp":"2026-07-23T05:10:05.831Z"}
{"level":"info","message":"DELETE /api/admin/users/3005276c-49f1-4a76-9a52-8cdca357950c 401 - 361ms","timestamp":"2026-07-23T05:12:04.456Z"}
{"level":"info","message":"POST /api/auth/login 400 - 11274ms","timestamp":"2026-07-23T05:12:30.080Z"}
{"level":"info","message":"POST /api/auth/login 400 - 11462ms","timestamp":"2026-07-23T05:12:58.524Z"}
{"level":"info","message":"POST /api/auth/login 400 - 21ms","timestamp":"2026-07-23T05:13:02.272Z"}
{"level":"info","message":"POST /api/auth/login 400 - 14ms","timestamp":"2026-07-23T05:13:26.131Z"}
{"level":"info","message":"POST /api/auth/login 400 - 33ms","timestamp":"2026-07-23T05:14:23.643Z"}
{"level":"info","message":"POST /api/auth/login 200 - 4641ms","timestamp":"2026-07-23T05:22:20.802Z"}
{"level":"info","message":"DELETE /api/admin/users/87ebe78f-4d95-4490-8cfa-f3473ab4ed96 200 - 2282ms","timestamp":"2026-07-23T05:24:09.385Z"}
{"level":"info","message":"DELETE /api/admin/users/3005276c-49f1-4a76-9a52-8cdca357950c 200 - 3071ms","timestamp":"2026-07-23T05:32:25.929Z"}
>>>>>>> main
{"level":"info","message":"GET /_next/webpack-hmr?id=J-8Qpyg9OO7xLUVscyj_D 404 - 283ms","timestamp":"2026-07-24T08:49:29.396Z"}
{"level":"info","message":"GET /api/auth/session 404 - 220ms","timestamp":"2026-07-24T08:49:29.682Z"}
{"level":"info","message":"GET /site.webmanifest 404 - 29ms","timestamp":"2026-07-24T08:49:29.734Z"}
{"level":"info","message":"POST /api/auth/_log 404 - 258ms","timestamp":"2026-07-24T08:49:30.004Z"}
{"level":"info","message":"POST /__nextjs_original-stack-frames 404 - 6ms","timestamp":"2026-07-24T08:49:30.021Z"}
{"level":"info","message":"GET /apple-touch-icon.png 404 - 12ms","timestamp":"2026-07-24T08:49:30.054Z"}
{"level":"info","message":"GET /_next/webpack-hmr?id=J-8Qpyg9OO7xLUVscyj_D 404 - 15ms","timestamp":"2026-07-24T08:49:30.379Z"}
{"level":"info","message":"OPTIONS /api/auth/login 204 - 3ms","timestamp":"2026-07-24T08:51:10.010Z"}
{"level":"info","message":"POST /api/auth/login 200 - 5333ms","timestamp":"2026-07-24T08:51:15.346Z"}
{"level":"info","message":"OPTIONS /api/products 204 - 43ms","timestamp":"2026-07-24T09:12:46.939Z"}
{"level":"info","message":"GET /api/products 200 - 7087ms","timestamp":"2026-07-24T09:12:54.038Z"}
{"level":"info","message":"OPTIONS /api/products 204 - 4ms","timestamp":"2026-07-24T09:13:05.727Z"}
{"level":"info","message":"GET /api/products 200 - 6ms","timestamp":"2026-07-24T09:13:05.738Z"}
{"level":"info","message":"OPTIONS /api/products 204 - 40ms","timestamp":"2026-07-24T11:30:11.486Z"}
{"level":"info","message":"GET /api/products 200 - 4095ms","timestamp":"2026-07-24T11:30:15.591Z"}
{"level":"info","message":"OPTIONS /api/products 204 - 5ms","timestamp":"2026-07-24T11:30:33.451Z"}
{"level":"info","message":"GET /api/products 200 - 6ms","timestamp":"2026-07-24T11:30:33.463Z"}
{"level":"info","message":"OPTIONS /api/orders/my-orders?page=1&limit=10&sortBy=created_at&sortOrder=desc 204 - 4ms","timestamp":"2026-07-24T11:33:13.945Z"}
{"level":"info","message":"GET /api/orders/my-orders?page=1&limit=10&sortBy=created_at&sortOrder=desc 200 - 3703ms","timestamp":"2026-07-24T11:33:17.654Z"}
{"level":"info","message":"OPTIONS /api/orders/my-orders?page=1&limit=10&status=Pending&sortBy=created_at&sortOrder=desc 204 - 3ms","timestamp":"2026-07-24T11:33:21.989Z"}
{"level":"info","message":"OPTIONS /api/orders/my-orders?page=1&limit=10&status=Pending&sortBy=created_at&sortOrder=desc 204 - 3ms","timestamp":"2026-07-24T11:33:21.997Z"}
{"level":"info","message":"GET /api/orders/my-orders?page=1&limit=10&status=Pending&sortBy=created_at&sortOrder=desc 200 - 2080ms","timestamp":"2026-07-24T11:33:24.079Z"}
{"level":"info","message":"GET /api/orders/my-orders?page=1&limit=10&status=Pending&sortBy=created_at&sortOrder=desc 429 - 4ms","timestamp":"2026-07-24T11:33:24.086Z"}
{"level":"info","message":"OPTIONS /api/orders/my-orders?page=1&limit=10&sortBy=created_at&sortOrder=desc 429 - 5ms","timestamp":"2026-07-24T11:33:29.839Z"}
{"level":"info","message":"OPTIONS /api/orders/my-orders?page=1&limit=10&sortBy=created_at&sortOrder=desc 429 - 2ms","timestamp":"2026-07-24T11:33:31.089Z"}
{"level":"info","message":"OPTIONS /api/orders/my-orders?page=1&limit=10&sortBy=created_at&sortOrder=desc 429 - 4ms","timestamp":"2026-07-24T11:33:41.109Z"}
{"level":"info","message":"OPTIONS /api/orders/my-orders?page=1&limit=10&sortBy=created_at&sortOrder=desc 429 - 5ms","timestamp":"2026-07-24T11:33:44.751Z"}
{"level":"info","message":"OPTIONS /api/orders/my-orders?page=1&limit=10&sortBy=created_at&sortOrder=desc 429 - 3ms","timestamp":"2026-07-24T11:33:45.858Z"}
{"level":"info","message":"OPTIONS /api/orders/my-orders?page=1&limit=10&sortBy=created_at&sortOrder=desc 429 - 3ms","timestamp":"2026-07-24T11:33:47.292Z"}
{"level":"info","message":"OPTIONS /api/orders/my-orders?page=1&limit=10&sortBy=created_at&sortOrder=desc 429 - 2ms","timestamp":"2026-07-24T11:33:53.046Z"}
{"level":"info","message":"OPTIONS /api/orders/my-orders?page=1&limit=10&sortBy=created_at&sortOrder=desc 429 - 3ms","timestamp":"2026-07-24T11:34:06.249Z"}
{"level":"info","message":"OPTIONS /api/orders/my-orders?page=1&limit=10&sortBy=created_at&sortOrder=desc 204 - 10ms","timestamp":"2026-07-24T11:38:33.574Z"}
{"level":"info","message":"GET /api/orders/my-orders?page=1&limit=10&sortBy=created_at&sortOrder=desc 304 - 10957ms","timestamp":"2026-07-24T11:38:44.632Z"}
{"level":"info","message":"OPTIONS /api/orders/my-orders?page=1&limit=10&status=Pending&sortBy=created_at&sortOrder=desc 204 - 3ms","timestamp":"2026-07-24T11:38:59.968Z"}
{"level":"info","message":"OPTIONS /api/orders/my-orders?page=1&limit=10&status=Pending&sortBy=created_at&sortOrder=desc 204 - 1ms","timestamp":"2026-07-24T11:38:59.993Z"}
{"level":"info","message":"GET /api/orders/my-orders?page=1&limit=10&status=Pending&sortBy=created_at&sortOrder=desc 200 - 12380ms","timestamp":"2026-07-24T11:39:12.352Z"}
{"level":"info","message":"GET /api/orders/my-orders?page=1&limit=10&status=Pending&sortBy=created_at&sortOrder=desc 304 - 5446ms","timestamp":"2026-07-24T11:39:17.799Z"}
{"level":"info","message":"OPTIONS /api/orders/my-orders?page=1&limit=10&sortBy=created_at&sortOrder=desc 204 - 47ms","timestamp":"2026-07-24T11:44:14.567Z"}
{"level":"info","message":"GET /api/orders/my-orders?page=1&limit=10&sortBy=created_at&sortOrder=desc 304 - 10118ms","timestamp":"2026-07-24T11:44:24.704Z"}
{"level":"info","message":"POST /api/auth/login 200 - 8329ms","timestamp":"2026-07-24T11:46:14.153Z"}
{"level":"info","message":"GET /api/orders/my-orders?page=1&limit=10 200 - 3360ms","timestamp":"2026-07-24T11:46:48.224Z"}
{"level":"info","message":"POST /api/auth/login 200 - 3510ms","timestamp":"2026-07-24T11:49:18.060Z"}
{"level":"info","message":"GET /api/orders/my-orders?page=1&limit=10 200 - 2940ms","timestamp":"2026-07-24T11:49:21.148Z"}
{"level":"info","message":"OPTIONS /api/orders/my-orders?page=1&limit=10&sortBy=created_at&sortOrder=desc 204 - 1ms","timestamp":"2026-07-24T11:53:33.226Z"}
{"level":"info","message":"GET /api/orders/my-orders?page=1&limit=10&sortBy=created_at&sortOrder=desc 304 - 3111ms","timestamp":"2026-07-24T11:53:36.341Z"}
{"level":"info","message":"OPTIONS /api/orders/my-orders?page=1&limit=10&sortBy=created_at&sortOrder=desc 204 - 8ms","timestamp":"2026-07-24T11:54:34.218Z"}
{"level":"info","message":"GET /api/orders/my-orders?page=1&limit=10&sortBy=created_at&sortOrder=desc 304 - 3546ms","timestamp":"2026-07-24T11:54:37.771Z"}
{"level":"info","message":"OPTIONS /api/orders/my-orders?page=1&limit=10&sortBy=created_at&sortOrder=desc 204 - 0ms","timestamp":"2026-07-24T11:54:43.165Z"}
{"level":"info","message":"GET /api/orders/my-orders?page=1&limit=10&sortBy=created_at&sortOrder=desc 304 - 1878ms","timestamp":"2026-07-24T11:54:45.046Z"}
{"level":"info","message":"OPTIONS /api/orders/my-orders?page=1&limit=10&sortBy=created_at&sortOrder=desc 204 - 1ms","timestamp":"2026-07-24T11:54:53.172Z"}
{"level":"info","message":"GET /api/orders/my-orders?page=1&limit=10&sortBy=created_at&sortOrder=desc 304 - 2328ms","timestamp":"2026-07-24T11:54:55.501Z"}
{"level":"info","message":"OPTIONS /api/orders/my-orders?page=1&limit=10&sortBy=created_at&sortOrder=desc 204 - 1ms","timestamp":"2026-07-24T11:55:03.189Z"}
{"level":"info","message":"GET /api/orders/my-orders?page=1&limit=10&sortBy=created_at&sortOrder=desc 304 - 1359ms","timestamp":"2026-07-24T11:55:04.553Z"}
{"level":"info","message":"OPTIONS /api/orders/my-orders?page=1&limit=10&sortBy=created_at&sortOrder=desc 204 - 1ms","timestamp":"2026-07-24T11:55:09.174Z"}
{"level":"info","message":"GET /api/orders/my-orders?page=1&limit=10&sortBy=created_at&sortOrder=desc 304 - 2285ms","timestamp":"2026-07-24T11:55:11.466Z"}
{"level":"info","message":"OPTIONS /api/products 204 - 1ms","timestamp":"2026-07-24T11:55:17.609Z"}
{"level":"info","message":"GET /api/products 200 - 1242ms","timestamp":"2026-07-24T11:55:18.853Z"}
{"level":"info","message":"OPTIONS /api/orders/my-orders?page=1&limit=10&sortBy=created_at&sortOrder=desc 204 - 1ms","timestamp":"2026-07-24T11:55:25.067Z"}
{"level":"info","message":"GET /api/orders/my-orders?page=1&limit=10&sortBy=created_at&sortOrder=desc 429 - 5ms","timestamp":"2026-07-24T11:55:25.074Z"}
{"level":"info","message":"OPTIONS /api/orders/my-orders?page=1&limit=10&sortBy=created_at&sortOrder=desc 204 - 1ms","timestamp":"2026-07-24T11:55:33.680Z"}
{"level":"info","message":"GET /api/orders/my-orders?page=1&limit=10&sortBy=created_at&sortOrder=desc 429 - 2ms","timestamp":"2026-07-24T11:55:33.696Z"}
{"level":"info","message":"GET /api/orders/my-orders?page=1&limit=10&sortBy=created_at&sortOrder=desc 429 - 7ms","timestamp":"2026-07-24T11:55:35.576Z"}
{"level":"info","message":"OPTIONS /api/orders/my-orders?page=1&limit=10&sortBy=created_at&sortOrder=desc 204 - 16ms","timestamp":"2026-07-24T11:56:59.741Z"}
{"level":"info","message":"GET /api/orders/my-orders?page=1&limit=10&sortBy=created_at&sortOrder=desc 200 - 5803ms","timestamp":"2026-07-24T11:57:05.564Z"}
{"level":"info","message":"OPTIONS /api/orders/my-orders?page=1&limit=10&sortBy=created_at&sortOrder=desc 204 - 157ms","timestamp":"2026-07-24T12:02:46.549Z"}
{"level":"info","message":"GET /api/orders/my-orders?page=1&limit=10&sortBy=created_at&sortOrder=desc 304 - 4336ms","timestamp":"2026-07-24T12:02:51.031Z"}
{"level":"info","message":"POST /api/auth/login 200 - 3469ms","timestamp":"2026-07-24T12:04:14.160Z"}
{"level":"info","message":"GET /api/products 200 - 4868ms","timestamp":"2026-07-24T12:04:19.253Z"}
{"level":"info","message":"POST /api/orders 201 - 8155ms","timestamp":"2026-07-24T12:04:27.736Z"}
{"level":"info","message":"POST /api/orders 429 - 2034ms","timestamp":"2026-07-24T12:04:29.808Z"}
{"level":"info","message":"POST /api/orders 429 - 2ms","timestamp":"2026-07-24T12:04:29.861Z"}
{"level":"info","message":"OPTIONS /api/orders/my-orders?page=1&limit=10&sortBy=created_at&sortOrder=desc 204 - 1ms","timestamp":"2026-07-24T12:04:39.494Z"}
{"level":"info","message":"GET /api/orders/my-orders?page=1&limit=10&sortBy=created_at&sortOrder=desc 429 - 2ms","timestamp":"2026-07-24T12:04:39.499Z"}
{"level":"info","message":"GET /api/orders/my-orders?page=1&limit=10&sortBy=created_at&sortOrder=desc 429 - 3ms","timestamp":"2026-07-24T12:04:42.508Z"}
{"level":"info","message":"GET /api/orders/my-orders?page=1&limit=10&sortBy=created_at&sortOrder=desc 429 - 2ms","timestamp":"2026-07-24T12:04:44.340Z"}
{"level":"info","message":"OPTIONS /api/orders/my-orders?page=1&limit=10&sortBy=created_at&sortOrder=desc 204 - 1ms","timestamp":"2026-07-24T12:04:46.465Z"}
{"level":"info","message":"GET /api/orders/my-orders?page=1&limit=10&sortBy=created_at&sortOrder=desc 429 - 2ms","timestamp":"2026-07-24T12:04:46.468Z"}
{"level":"info","message":"GET /api/orders/my-orders?page=1&limit=10 429 - 2ms","timestamp":"2026-07-24T12:05:28.654Z"}
{"level":"info","message":"OPTIONS /api/orders/my-orders?page=1&limit=10&sortBy=created_at&sortOrder=desc 204 - 1ms","timestamp":"2026-07-24T12:06:31.440Z"}
{"level":"info","message":"GET /api/orders/my-orders?page=1&limit=10&sortBy=created_at&sortOrder=desc 429 - 5ms","timestamp":"2026-07-24T12:06:31.451Z"}
{"level":"info","message":"OPTIONS /api/orders/my-orders?page=1&limit=10&sortBy=created_at&sortOrder=desc 204 - 20ms","timestamp":"2026-07-24T12:07:59.153Z"}
{"level":"info","message":"GET /api/orders/my-orders?page=1&limit=10&sortBy=created_at&sortOrder=desc 200 - 3475ms","timestamp":"2026-07-24T12:08:02.641Z"}
{"level":"info","message":"POST /api/auth/login 200 - 2961ms","timestamp":"2026-07-24T12:08:50.162Z"}
{"level":"info","message":"GET /api/products 200 - 1792ms","timestamp":"2026-07-24T12:08:52.113Z"}
{"level":"info","message":"POST /api/orders 201 - 3104ms","timestamp":"2026-07-24T12:08:55.699Z"}
{"level":"info","message":"POST /api/orders 201 - 3340ms","timestamp":"2026-07-24T12:08:59.423Z"}
{"level":"info","message":"POST /api/orders 201 - 4618ms","timestamp":"2026-07-24T12:09:04.253Z"}
{"level":"info","message":"GET /api/orders/my-orders?page=1&limit=10 200 - 5473ms","timestamp":"2026-07-24T12:09:42.107Z"}
{"level":"info","message":"OPTIONS /api/orders/my-orders?page=1&limit=10&sortBy=created_at&sortOrder=desc 204 - 4ms","timestamp":"2026-07-24T12:10:14.525Z"}
{"level":"info","message":"GET /api/orders/my-orders?page=1&limit=10&sortBy=created_at&sortOrder=desc 304 - 2730ms","timestamp":"2026-07-24T12:10:17.268Z"}
{"level":"info","message":"OPTIONS /api/orders/my-orders?page=1&limit=10&sortBy=created_at&sortOrder=desc 204 - 1ms","timestamp":"2026-07-24T12:10:20.973Z"}
{"level":"info","message":"GET /api/orders/my-orders?page=1&limit=10&sortBy=created_at&sortOrder=desc 304 - 2396ms","timestamp":"2026-07-24T12:10:23.371Z"}
{"level":"info","message":"OPTIONS /api/orders/my-orders?page=1&limit=10&sortBy=created_at&sortOrder=desc 204 - 2ms","timestamp":"2026-07-24T12:13:12.865Z"}
{"level":"info","message":"GET /api/orders/my-orders?page=1&limit=10&sortBy=created_at&sortOrder=desc 304 - 4140ms","timestamp":"2026-07-24T12:13:17.010Z"}
{"level":"info","message":"OPTIONS /api/orders/my-orders?page=1&limit=10&sortBy=created_at&sortOrder=desc 204 - 26ms","timestamp":"2026-07-24T12:18:04.638Z"}
{"level":"info","message":"GET /api/orders/my-orders?page=1&limit=10&sortBy=created_at&sortOrder=desc 304 - 4146ms","timestamp":"2026-07-24T12:18:08.803Z"}
{"level":"info","message":"OPTIONS /api/orders/my-orders?page=1&limit=10&sortBy=created_at&sortOrder=desc 204 - 8ms","timestamp":"2026-07-24T12:19:39.636Z"}
{"level":"info","message":"GET /api/orders/my-orders?page=1&limit=10&sortBy=created_at&sortOrder=desc 304 - 2975ms","timestamp":"2026-07-24T12:19:42.699Z"}
{"level":"info","message":"OPTIONS /api/orders/my-orders?page=1&limit=10&sortBy=created_at&sortOrder=desc 204 - 13ms","timestamp":"2026-07-24T12:25:04.772Z"}
{"level":"info","message":"GET /api/orders/my-orders?page=1&limit=10&sortBy=created_at&sortOrder=desc 304 - 4250ms","timestamp":"2026-07-24T12:25:09.090Z"}
{"level":"info","message":"OPTIONS /api/orders/my-orders?page=1&limit=10&status=Pending&sortBy=created_at&sortOrder=desc 204 - 1ms","timestamp":"2026-07-24T12:25:14.302Z"}
{"level":"info","message":"OPTIONS /api/orders/my-orders?page=1&limit=10&status=Pending&sortBy=created_at&sortOrder=desc 204 - 1ms","timestamp":"2026-07-24T12:25:14.353Z"}
{"level":"info","message":"GET /api/orders/my-orders?page=1&limit=10&status=Pending&sortBy=created_at&sortOrder=desc 304 - 1464ms","timestamp":"2026-07-24T12:25:15.774Z"}
{"level":"info","message":"GET /api/orders/my-orders?page=1&limit=10&status=Pending&sortBy=created_at&sortOrder=desc 304 - 1439ms","timestamp":"2026-07-24T12:25:17.216Z"}
{"level":"info","message":"OPTIONS /api/orders/my-orders?page=1&limit=10&sortBy=created_at&sortOrder=desc 204 - 1ms","timestamp":"2026-07-24T12:25:59.289Z"}
{"level":"info","message":"GET /api/orders/my-orders?page=1&limit=10&sortBy=created_at&sortOrder=desc 304 - 2812ms","timestamp":"2026-07-24T12:26:02.105Z"}
{"level":"info","message":"OPTIONS /api/products 204 - 21ms","timestamp":"2026-07-24T12:29:23.831Z"}
{"level":"info","message":"GET /api/products 500 - 11064ms","timestamp":"2026-07-24T12:29:34.915Z"}
{"level":"info","message":"OPTIONS /api/products 204 - 2ms","timestamp":"2026-07-24T12:29:40.132Z"}
{"level":"info","message":"GET /api/products 500 - 10749ms","timestamp":"2026-07-24T12:29:50.889Z"}
{"level":"info","message":"OPTIONS /api/orders/my-orders?page=1&limit=10&sortBy=created_at&sortOrder=desc 204 - 1ms","timestamp":"2026-07-24T12:30:04.553Z"}
{"level":"info","message":"GET /api/orders/my-orders?page=1&limit=10&sortBy=created_at&sortOrder=desc 401 - 10757ms","timestamp":"2026-07-24T12:30:15.326Z"}
{"level":"info","message":"GET /jobs 404 - 30ms","timestamp":"2026-07-24T12:43:13.884Z"}
{"level":"info","message":"GET /favicon.ico 404 - 6ms","timestamp":"2026-07-24T12:43:14.245Z"}
{"level":"info","message":"GET /jobs 404 - 4ms","timestamp":"2026-07-24T12:43:27.156Z"}
{"level":"info","message":"OPTIONS /api/auth/login 204 - 4ms","timestamp":"2026-07-24T12:47:12.544Z"}
{"level":"info","message":"POST /api/auth/login 200 - 60009ms","timestamp":"2026-07-24T12:48:12.555Z"}
{"level":"info","message":"OPTIONS /api/orders/my-orders?page=1&limit=10&sortBy=created_at&sortOrder=desc 204 - 2ms","timestamp":"2026-07-24T12:50:36.675Z"}
{"level":"info","message":"GET /api/orders/my-orders?page=1&limit=10&sortBy=created_at&sortOrder=desc 401 - 10820ms","timestamp":"2026-07-24T12:50:47.502Z"}
{"level":"info","message":"OPTIONS /api/auth/login 204 - 1ms","timestamp":"2026-07-24T12:55:21.648Z"}
{"level":"info","message":"POST /api/auth/login 200 - 26482ms","timestamp":"2026-07-24T12:55:48.133Z"}
{"level":"info","message":"OPTIONS /api/orders/my-orders?page=1&limit=10&sortBy=created_at&sortOrder=desc 204 - 2ms","timestamp":"2026-07-24T12:56:46.290Z"}
{"level":"info","message":"GET /api/orders/my-orders?page=1&limit=10&sortBy=created_at&sortOrder=desc 200 - 3577ms","timestamp":"2026-07-24T12:56:49.878Z"}
{"level":"info","message":"OPTIONS /api/orders/my-orders?page=1&limit=10&status=Pending&sortBy=created_at&sortOrder=desc 204 - 1ms","timestamp":"2026-07-24T12:57:40.881Z"}
{"level":"info","message":"OPTIONS /api/orders/my-orders?page=1&limit=10&status=Pending&sortBy=created_at&sortOrder=desc 204 - 1ms","timestamp":"2026-07-24T12:57:40.905Z"}
{"level":"info","message":"OPTIONS /api/orders/my-orders?page=1&limit=10&status=Processing&sortBy=created_at&sortOrder=desc 204 - 0ms","timestamp":"2026-07-24T12:57:43.567Z"}
{"level":"info","message":"OPTIONS /api/orders/my-orders?page=1&limit=10&status=Processing&sortBy=created_at&sortOrder=desc 204 - 1ms","timestamp":"2026-07-24T12:57:43.571Z"}
{"level":"info","message":"GET /api/orders/my-orders?page=1&limit=10&status=Processing&sortBy=created_at&sortOrder=desc 400 - 780ms","timestamp":"2026-07-24T12:57:44.362Z"}
{"level":"info","message":"GET /api/orders/my-orders?page=1&limit=10&status=Processing&sortBy=created_at&sortOrder=desc 400 - 759ms","timestamp":"2026-07-24T12:57:45.123Z"}
{"level":"info","message":"GET /api/orders/my-orders?page=1&limit=10&status=Pending&sortBy=created_at&sortOrder=desc 304 - 4427ms","timestamp":"2026-07-24T12:57:45.320Z"}
{"level":"info","message":"OPTIONS /api/orders/my-orders?page=1&limit=10&sortBy=created_at&sortOrder=desc 204 - 0ms","timestamp":"2026-07-24T12:57:49.373Z"}
{"level":"info","message":"GET /api/orders/my-orders?page=1&limit=10&sortBy=created_at&sortOrder=desc 304 - 2594ms","timestamp":"2026-07-24T12:57:51.990Z"}
{"level":"info","message":"OPTIONS /api/orders/my-orders?page=1&limit=10&status=Processing&sortBy=created_at&sortOrder=desc 204 - 1ms","timestamp":"2026-07-24T12:59:16.365Z"}
{"level":"info","message":"OPTIONS /api/orders/my-orders?page=1&limit=10&status=Processing&sortBy=created_at&sortOrder=desc 204 - 0ms","timestamp":"2026-07-24T12:59:16.383Z"}
{"level":"info","message":"GET /api/orders/my-orders?page=1&limit=10&status=Processing&sortBy=created_at&sortOrder=desc 400 - 1985ms","timestamp":"2026-07-24T12:59:18.353Z"}
{"level":"info","message":"GET /api/orders/my-orders?page=1&limit=10&status=Processing&sortBy=created_at&sortOrder=desc 400 - 750ms","timestamp":"2026-07-24T12:59:19.105Z"}
{"level":"info","message":"OPTIONS /api/orders/my-orders?page=1&limit=10&status=Pending&sortBy=created_at&sortOrder=desc 204 - 0ms","timestamp":"2026-07-24T12:59:27.734Z"}
{"level":"info","message":"OPTIONS /api/orders/my-orders?page=1&limit=10&status=Pending&sortBy=created_at&sortOrder=desc 204 - 1ms","timestamp":"2026-07-24T12:59:27.736Z"}
{"level":"info","message":"OPTIONS /api/orders/my-orders?page=1&limit=10&sortBy=created_at&sortOrder=desc 204 - 1ms","timestamp":"2026-07-24T12:59:28.919Z"}
{"level":"info","message":"GET /api/orders/my-orders?page=1&limit=10&status=Pending&sortBy=created_at&sortOrder=desc 200 - 1875ms","timestamp":"2026-07-24T12:59:29.614Z"}
{"level":"info","message":"OPTIONS /api/orders/my-orders?page=1&limit=10&status=Processing&sortBy=created_at&sortOrder=desc 204 - 1ms","timestamp":"2026-07-24T12:59:30.119Z"}
{"level":"info","message":"OPTIONS /api/orders/my-orders?page=1&limit=10&status=Processing&sortBy=created_at&sortOrder=desc 204 - 1ms","timestamp":"2026-07-24T12:59:30.121Z"}
{"level":"info","message":"GET /api/orders/my-orders?page=1&limit=10&sortBy=created_at&sortOrder=desc 304 - 1651ms","timestamp":"2026-07-24T12:59:30.573Z"}
{"level":"info","message":"GET /api/orders/my-orders?page=1&limit=10&status=Processing&sortBy=created_at&sortOrder=desc 400 - 755ms","timestamp":"2026-07-24T12:59:30.876Z"}
{"level":"info","message":"GET /api/orders/my-orders?page=1&limit=10&status=Processing&sortBy=created_at&sortOrder=desc 400 - 746ms","timestamp":"2026-07-24T12:59:31.624Z"}
{"level":"info","message":"GET /api/orders/my-orders?page=1&limit=10&status=Pending&sortBy=created_at&sortOrder=desc 304 - 2025ms","timestamp":"2026-07-24T12:59:31.641Z"}
{"level":"info","message":"GET /api/orders/my-orders?page=1&limit=10&status=Pending&sortBy=created_at&sortOrder=desc 304 - 1418ms","timestamp":"2026-07-24T12:59:33.061Z"}
{"level":"info","message":"OPTIONS /api/orders/my-orders?page=1&limit=10&sortBy=created_at&sortOrder=desc 204 - 0ms","timestamp":"2026-07-24T12:59:34.696Z"}
{"level":"info","message":"GET /api/orders/my-orders?page=1&limit=10&sortBy=created_at&sortOrder=desc 304 - 1251ms","timestamp":"2026-07-24T12:59:35.952Z"}
{"level":"info","message":"OPTIONS /api/orders/my-orders?page=1&limit=10&status=Pending&sortBy=created_at&sortOrder=desc 204 - 38ms","timestamp":"2026-07-24T13:14:19.312Z"}
{"level":"info","message":"OPTIONS /api/orders/my-orders?page=1&limit=10&status=Pending&sortBy=created_at&sortOrder=desc 204 - 3ms","timestamp":"2026-07-24T13:14:19.781Z"}
{"level":"info","message":"GET /api/orders/my-orders?page=1&limit=10&status=Pending&sortBy=created_at&sortOrder=desc 401 - 11306ms","timestamp":"2026-07-24T13:14:30.653Z"}
{"level":"info","message":"GET /api/orders/my-orders?page=1&limit=10&status=Unpaid&sortBy=created_at&sortOrder=desc 401 - 39ms","timestamp":"2026-07-24T13:14:31.035Z"}
{"level":"info","message":"OPTIONS /api/auth/login 204 - 6ms","timestamp":"2026-07-24T13:30:56.745Z"}
{"level":"info","message":"POST /api/auth/login 200 - 4048ms","timestamp":"2026-07-24T13:31:00.800Z"}
{"level":"info","message":"OPTIONS /api/orders/my-orders?page=1&limit=10&sortBy=created_at&sortOrder=desc 204 - 1ms","timestamp":"2026-07-24T13:31:29.857Z"}
{"level":"info","message":"OPTIONS /api/orders/my-orders?page=1&limit=10&sortBy=created_at&sortOrder=desc 204 - 1ms","timestamp":"2026-07-24T13:32:21.441Z"}
{"level":"info","message":"GET /api/orders/my-orders?page=1&limit=10&sortBy=created_at&sortOrder=desc 401 - 10780ms","timestamp":"2026-07-24T13:32:32.223Z"}
{"level":"info","message":"OPTIONS /api/auth/login 204 - 1ms","timestamp":"2026-07-24T13:32:42.517Z"}
{"level":"info","message":"POST /api/auth/login 400 - 21595ms","timestamp":"2026-07-24T13:33:04.115Z"}
{"level":"info","message":"OPTIONS /api/auth/login 204 - 1ms","timestamp":"2026-07-24T13:33:29.338Z"}
{"level":"info","message":"POST /api/auth/login 400 - 21975ms","timestamp":"2026-07-24T13:33:51.315Z"}
{"level":"info","message":"OPTIONS /api/auth/login 204 - 2ms","timestamp":"2026-07-24T13:34:14.059Z"}
{"level":"info","message":"POST /api/auth/login 400 - 21598ms","timestamp":"2026-07-24T13:34:35.661Z"}
{"level":"info","message":"OPTIONS /api/auth/login 204 - 1ms","timestamp":"2026-07-24T13:34:51.241Z"}
{"level":"info","message":"POST /api/auth/login 400 - 21915ms","timestamp":"2026-07-24T13:35:13.159Z"}
{"level":"info","message":"OPTIONS /api/auth/login 204 - 11ms","timestamp":"2026-07-27T18:05:36.007Z"}
{"level":"info","message":"POST /api/auth/login 200 - 12144ms","timestamp":"2026-07-27T18:05:48.157Z"}
{"level":"info","message":"OPTIONS /api/products 204 - 9ms","timestamp":"2026-07-27T18:12:50.465Z"}
{"level":"info","message":"GET /api/products 200 - 12775ms","timestamp":"2026-07-27T18:13:03.254Z"}
{"level":"info","message":"OPTIONS /api/products 204 - 15ms","timestamp":"2026-07-27T18:33:35.062Z"}
{"level":"info","message":"GET /api/products 200 - 4756ms","timestamp":"2026-07-27T18:33:39.847Z"}
{"level":"info","message":"OPTIONS /api/products 204 - 1ms","timestamp":"2026-07-27T18:33:43.660Z"}
{"level":"info","message":"GET /api/products 200 - 14ms","timestamp":"2026-07-27T18:33:43.750Z"}
{"level":"info","message":"OPTIONS /api/products 204 - 4ms","timestamp":"2026-07-27T18:34:14.765Z"}
{"level":"info","message":"OPTIONS /api/products 204 - 12ms","timestamp":"2026-07-27T18:53:47.603Z"}
{"level":"info","message":"OPTIONS /api/products 204 - 4ms","timestamp":"2026-07-27T18:53:56.905Z"}
{"level":"info","message":"GET /api/products 500 - 7416ms","timestamp":"2026-07-27T18:54:09.048Z"}
{"level":"info","message":"OPTIONS /api/products 204 - 1ms","timestamp":"2026-07-27T18:54:10.109Z"}
{"level":"info","message":"OPTIONS /api/products 204 - 1ms","timestamp":"2026-07-27T18:54:24.728Z"}
{"level":"info","message":"GET /api/products 500 - 10762ms","timestamp":"2026-07-27T18:54:35.492Z"}
{"level":"info","message":"OPTIONS /api/products 204 - 8ms","timestamp":"2026-07-28T07:28:09.019Z"}
{"level":"info","message":"GET /api/products 200 - 3736ms","timestamp":"2026-07-28T07:28:12.763Z"}
{"level":"info","message":"GET /health 200 - 4ms","timestamp":"2026-07-28T07:30:48.745Z"}
{"level":"info","message":"GET /health 200 - 2ms","timestamp":"2026-07-28T07:31:32.196Z"}
{"level":"info","message":"OPTIONS /api/products 204 - 8ms","timestamp":"2026-07-29T07:08:24.426Z"}
{"level":"info","message":"GET /api/products 200 - 8079ms","timestamp":"2026-07-29T07:08:32.515Z"}
{"level":"info","message":"OPTIONS /api/products 204 - 1ms","timestamp":"2026-07-29T07:08:43.533Z"}
{"level":"info","message":"GET /api/products 200 - 12ms","timestamp":"2026-07-29T07:08:43.548Z"}
{"level":"info","message":"GET /health 200 - 2ms","timestamp":"2026-07-29T07:09:34.611Z"}
{"level":"info","message":"POST /api/auth/login 200 - 7147ms","timestamp":"2026-07-29T07:09:57.833Z"}
{"level":"info","message":"GET /api/admin/orders?page=1&limit=10 200 - 7725ms","timestamp":"2026-07-29T07:10:22.562Z"}
{"level":"info","message":"OPTIONS /api/products 204 - 1ms","timestamp":"2026-07-29T07:12:30.102Z"}
{"level":"info","message":"GET /api/products 304 - 77ms","timestamp":"2026-07-29T07:12:30.191Z"}
{"level":"info","message":"OPTIONS /api/auth/login 204 - 11ms","timestamp":"2026-07-29T07:19:48.968Z"}
{"level":"info","message":"POST /api/auth/login 200 - 21454ms","timestamp":"2026-07-29T07:20:10.426Z"}
{"level":"info","message":"OPTIONS /api/admin/orders/export?fromDate=2026-07-21&toDate=2026-07-07&responseType=blob 204 - 3ms","timestamp":"2026-07-29T07:25:57.323Z"}
{"level":"info","message":"GET /api/admin/orders/export?fromDate=2026-07-21&toDate=2026-07-07&responseType=blob 404 - 5469ms","timestamp":"2026-07-29T07:26:02.796Z"}
{"level":"info","message":"OPTIONS /api/admin/orders?page=1&limit=10&sortBy=created_at&sortOrder=desc 204 - 5ms","timestamp":"2026-07-29T07:30:37.433Z"}
{"level":"info","message":"GET /api/admin/orders?page=1&limit=10&sortBy=created_at&sortOrder=desc 200 - 5212ms","timestamp":"2026-07-29T07:30:42.647Z"}
{"level":"info","message":"OPTIONS /api/admin/orders?page=1&limit=10&sortBy=created_at&sortOrder=desc 204 - 2ms","timestamp":"2026-07-29T07:31:17.173Z"}
{"level":"info","message":"GET /api/admin/orders?page=1&limit=10&sortBy=created_at&sortOrder=desc 304 - 8167ms","timestamp":"2026-07-29T07:31:25.345Z"}
{"level":"info","message":"OPTIONS /api/admin/orders/906d2417-4a1f-4125-b1f0-3a9a11d7f7e3/status 204 - 0ms","timestamp":"2026-07-29T07:31:39.172Z"}
{"level":"info","message":"PATCH /api/admin/orders/906d2417-4a1f-4125-b1f0-3a9a11d7f7e3/status 400 - 3744ms","timestamp":"2026-07-29T07:31:42.917Z"}
{"level":"info","message":"OPTIONS /api/admin/orders/906d2417-4a1f-4125-b1f0-3a9a11d7f7e3/status 204 - 1ms","timestamp":"2026-07-29T07:31:44.608Z"}
{"level":"info","message":"PATCH /api/admin/orders/906d2417-4a1f-4125-b1f0-3a9a11d7f7e3/status 400 - 1011ms","timestamp":"2026-07-29T07:31:45.622Z"}
{"level":"info","message":"OPTIONS /api/admin/orders/573e632b-4b85-4dee-9113-20348382ca7d/status 204 - 0ms","timestamp":"2026-07-29T07:32:56.673Z"}
{"level":"info","message":"PATCH /api/admin/orders/573e632b-4b85-4dee-9113-20348382ca7d/status 500 - 2915ms","timestamp":"2026-07-29T07:32:59.590Z"}
{"level":"info","message":"OPTIONS /api/admin/orders/573e632b-4b85-4dee-9113-20348382ca7d/status 204 - 1ms","timestamp":"2026-07-29T07:33:02.006Z"}
{"level":"info","message":"PATCH /api/admin/orders/573e632b-4b85-4dee-9113-20348382ca7d/status 500 - 1860ms","timestamp":"2026-07-29T07:33:03.868Z"}
{"level":"info","message":"GET /api/categories 200 - 2715ms","timestamp":"2026-07-29T07:41:35.513Z"}
{"level":"info","message":"GET /api/admin/products 200 - 4683ms","timestamp":"2026-07-29T07:41:37.227Z"}
{"level":"info","message":"PATCH /api/admin/products/847d6189-fb3c-4de0-9f8b-b6ef937e01e0 200 - 6930ms","timestamp":"2026-07-29T07:43:54.753Z"}
{"level":"info","message":"POST /api/admin/products 400 - 2027ms","timestamp":"2026-07-29T07:44:43.380Z"}
{"level":"info","message":"POST /api/admin/products 400 - 3167ms","timestamp":"2026-07-29T07:48:12.312Z"}
{"level":"info","message":"POST /api/admin/products 400 - 554ms","timestamp":"2026-07-29T07:48:19.173Z"}
{"level":"info","message":"OPTIONS /api/auth/login 204 - 9ms","timestamp":"2026-07-31T00:56:31.792Z"}
{"level":"info","message":"POST /api/auth/login 200 - 4294ms","timestamp":"2026-07-31T00:56:36.090Z"}
{"level":"info","message":"OPTIONS /api/admin/orders?page=1&limit=10&sortBy=created_at&sortOrder=desc 204 - 2ms","timestamp":"2026-07-31T00:56:36.256Z"}
{"level":"info","message":"GET /api/admin/orders?page=1&limit=10&sortBy=created_at&sortOrder=desc 200 - 3625ms","timestamp":"2026-07-31T00:56:39.883Z"}
{"level":"info","message":"OPTIONS /api/admin/orders?page=1&limit=10&sortBy=created_at&sortOrder=desc 204 - 2ms","timestamp":"2026-07-31T00:56:52.115Z"}
{"level":"info","message":"GET /api/admin/orders?page=1&limit=10&sortBy=created_at&sortOrder=desc 304 - 3532ms","timestamp":"2026-07-31T00:56:55.649Z"}
{"level":"info","message":"GET /api/categories 200 - 376ms","timestamp":"2026-07-31T00:57:01.763Z"}
{"level":"info","message":"GET /api/admin/products 200 - 1334ms","timestamp":"2026-07-31T00:57:02.713Z"}
{"level":"info","message":"GET /api/admin/products 304 - 3167ms","timestamp":"2026-07-31T00:57:47.038Z"}
{"level":"info","message":"OPTIONS /api/admin/orders?page=1&limit=10&sortBy=created_at&sortOrder=desc 204 - 1ms","timestamp":"2026-07-31T00:59:19.927Z"}
{"level":"info","message":"GET /api/admin/orders?page=1&limit=10&sortBy=created_at&sortOrder=desc 304 - 3582ms","timestamp":"2026-07-31T00:59:23.513Z"}
{"level":"info","message":"GET /api/categories 200 - 19ms","timestamp":"2026-07-31T01:00:23.043Z"}
{"level":"info","message":"GET /api/admin/products 304 - 3113ms","timestamp":"2026-07-31T01:00:26.105Z"}
{"level":"info","message":"OPTIONS /api/admin/orders?page=1&limit=10&sortBy=created_at&sortOrder=desc 204 - 1ms","timestamp":"2026-07-31T01:00:27.494Z"}
{"level":"info","message":"GET /api/admin/orders?page=1&limit=10&sortBy=created_at&sortOrder=desc 304 - 1655ms","timestamp":"2026-07-31T01:00:29.150Z"}
{"level":"info","message":"OPTIONS /api/admin/orders?page=2&limit=10&sortBy=created_at&sortOrder=desc 204 - 0ms","timestamp":"2026-07-31T01:02:20.817Z"}
{"level":"info","message":"OPTIONS /api/admin/orders?page=2&limit=10&sortBy=created_at&sortOrder=desc 204 - 0ms","timestamp":"2026-07-31T01:02:20.822Z"}
{"level":"info","message":"OPTIONS /api/admin/orders?page=1&limit=10&sortBy=created_at&sortOrder=desc 204 - 2ms","timestamp":"2026-07-31T01:02:24.329Z"}
{"level":"info","message":"OPTIONS /api/admin/orders?page=1&limit=10&sortBy=created_at&sortOrder=desc 204 - 2ms","timestamp":"2026-07-31T01:02:24.334Z"}
{"level":"info","message":"GET /api/admin/orders?page=2&limit=10&sortBy=created_at&sortOrder=desc 200 - 3937ms","timestamp":"2026-07-31T01:02:24.762Z"}
{"level":"info","message":"GET /api/admin/orders?page=2&limit=10&sortBy=created_at&sortOrder=desc 304 - 1738ms","timestamp":"2026-07-31T01:02:26.505Z"}
{"level":"info","message":"GET /api/admin/orders?page=1&limit=10&sortBy=created_at&sortOrder=desc 304 - 2486ms","timestamp":"2026-07-31T01:02:26.822Z"}
{"level":"info","message":"OPTIONS /api/admin/orders?page=2&limit=10&sortBy=created_at&sortOrder=desc 204 - 1ms","timestamp":"2026-07-31T01:02:27.901Z"}
{"level":"info","message":"OPTIONS /api/admin/orders?page=2&limit=10&sortBy=created_at&sortOrder=desc 204 - 1ms","timestamp":"2026-07-31T01:02:27.905Z"}
{"level":"info","message":"GET /api/admin/orders?page=2&limit=10&sortBy=created_at&sortOrder=desc 304 - 1632ms","timestamp":"2026-07-31T01:02:28.141Z"}
{"level":"info","message":"GET /api/admin/orders?page=1&limit=10&sortBy=created_at&sortOrder=desc 304 - 1732ms","timestamp":"2026-07-31T01:02:28.558Z"}
{"level":"info","message":"GET /api/admin/orders?page=2&limit=10&sortBy=created_at&sortOrder=desc 304 - 1415ms","timestamp":"2026-07-31T01:02:29.559Z"}
{"level":"info","message":"GET /api/admin/orders?page=1&limit=10&sortBy=created_at&sortOrder=desc 304 - 1543ms","timestamp":"2026-07-31T01:02:30.103Z"}
{"level":"info","message":"OPTIONS /api/admin/orders?page=1&limit=10&sortBy=created_at&sortOrder=desc 204 - 1ms","timestamp":"2026-07-31T01:02:30.120Z"}
{"level":"info","message":"GET /api/admin/orders?page=2&limit=10&sortBy=created_at&sortOrder=desc 304 - 1561ms","timestamp":"2026-07-31T01:02:31.122Z"}
{"level":"info","message":"OPTIONS /api/admin/orders?page=3&limit=10&sortBy=created_at&sortOrder=desc 204 - 1ms","timestamp":"2026-07-31T01:02:31.317Z"}
{"level":"info","message":"OPTIONS /api/admin/orders?page=3&limit=10&sortBy=created_at&sortOrder=desc 204 - 2ms","timestamp":"2026-07-31T01:02:31.320Z"}
{"level":"info","message":"GET /api/admin/orders?page=1&limit=10&sortBy=created_at&sortOrder=desc 304 - 1618ms","timestamp":"2026-07-31T01:02:31.723Z"}
{"level":"info","message":"GET /api/admin/orders?page=3&limit=10&sortBy=created_at&sortOrder=desc 200 - 1645ms","timestamp":"2026-07-31T01:02:32.967Z"}
{"level":"info","message":"GET /api/admin/orders?page=1&limit=10&sortBy=created_at&sortOrder=desc 304 - 1549ms","timestamp":"2026-07-31T01:02:33.274Z"}
{"level":"info","message":"OPTIONS /api/admin/orders?page=2&limit=10&sortBy=created_at&sortOrder=desc 204 - 0ms","timestamp":"2026-07-31T01:02:33.326Z"}
{"level":"info","message":"OPTIONS /api/admin/orders?page=2&limit=10&sortBy=created_at&sortOrder=desc 204 - 1ms","timestamp":"2026-07-31T01:02:33.329Z"}
{"level":"info","message":"GET /api/admin/orders?page=2&limit=10&sortBy=created_at&sortOrder=desc 304 - 3000ms","timestamp":"2026-07-31T01:02:34.126Z"}
{"level":"info","message":"GET /api/admin/orders?page=3&limit=10&sortBy=created_at&sortOrder=desc 304 - 1832ms","timestamp":"2026-07-31T01:02:34.803Z"}
{"level":"info","message":"GET /api/admin/orders?page=1&limit=10&sortBy=created_at&sortOrder=desc 304 - 1855ms","timestamp":"2026-07-31T01:02:35.132Z"}
{"level":"info","message":"OPTIONS /api/admin/orders?page=1&limit=10&sortBy=created_at&sortOrder=desc 204 - 1ms","timestamp":"2026-07-31T01:02:35.169Z"}
{"level":"info","message":"GET /api/admin/orders?page=2&limit=10&sortBy=created_at&sortOrder=desc 304 - 2015ms","timestamp":"2026-07-31T01:02:36.143Z"}
{"level":"info","message":"GET /api/admin/orders?page=3&limit=10&sortBy=created_at&sortOrder=desc 304 - 1681ms","timestamp":"2026-07-31T01:02:36.487Z"}
{"level":"info","message":"OPTIONS /api/admin/orders?page=3&limit=10&sortBy=created_at&sortOrder=desc 204 - 0ms","timestamp":"2026-07-31T01:02:36.518Z"}
{"level":"info","message":"GET /api/admin/orders?page=1&limit=10&sortBy=created_at&sortOrder=desc 304 - 1559ms","timestamp":"2026-07-31T01:02:36.700Z"}
{"level":"info","message":"GET /api/admin/orders?page=2&limit=10&sortBy=created_at&sortOrder=desc 304 - 1621ms","timestamp":"2026-07-31T01:02:37.766Z"}
{"level":"info","message":"GET /api/admin/orders?page=3&limit=10&sortBy=created_at&sortOrder=desc 304 - 1683ms","timestamp":"2026-07-31T01:02:38.174Z"}
{"level":"info","message":"GET /api/admin/orders?page=1&limit=10&sortBy=created_at&sortOrder=desc 304 - 1482ms","timestamp":"2026-07-31T01:02:38.186Z"}
{"level":"info","message":"GET /api/admin/orders?page=2&limit=10&sortBy=created_at&sortOrder=desc 304 - 1447ms","timestamp":"2026-07-31T01:02:39.216Z"}
{"level":"info","message":"OPTIONS /api/admin/orders?page=2&limit=10&sortBy=created_at&sortOrder=desc 204 - 1ms","timestamp":"2026-07-31T01:02:39.235Z"}
{"level":"info","message":"GET /api/admin/orders?page=3&limit=10&sortBy=created_at&sortOrder=desc 304 - 1415ms","timestamp":"2026-07-31T01:02:39.592Z"}
{"level":"info","message":"GET /api/admin/orders?page=1&limit=10&sortBy=created_at&sortOrder=desc 304 - 1625ms","timestamp":"2026-07-31T01:02:39.813Z"}
{"level":"info","message":"GET /api/admin/orders?page=3&limit=10&sortBy=created_at&sortOrder=desc 304 - 1568ms","timestamp":"2026-07-31T01:02:41.163Z"}
{"level":"info","message":"GET /api/admin/orders?page=2&limit=10&sortBy=created_at&sortOrder=desc 304 - 2029ms","timestamp":"2026-07-31T01:02:41.247Z"}
{"level":"info","message":"GET /api/admin/orders?page=1&limit=10&sortBy=created_at&sortOrder=desc 304 - 1481ms","timestamp":"2026-07-31T01:02:41.297Z"}
{"level":"info","message":"OPTIONS /api/admin/orders?page=1&limit=10&sortBy=created_at&sortOrder=desc 204 - 1ms","timestamp":"2026-07-31T01:02:41.315Z"}
{"level":"info","message":"GET /api/admin/orders?page=1&limit=10&sortBy=created_at&sortOrder=desc 200 - 1344ms","timestamp":"2026-07-31T01:02:43.603Z"}
{"level":"info","message":"OPTIONS /api/admin/orders?page=2&limit=10&sortBy=created_at&sortOrder=desc 204 - 1ms","timestamp":"2026-07-31T01:02:47.886Z"}
{"level":"info","message":"OPTIONS /api/admin/orders?page=2&limit=10&sortBy=created_at&sortOrder=desc 204 - 1ms","timestamp":"2026-07-31T01:02:47.889Z"}
{"level":"info","message":"GET /api/admin/orders?page=2&limit=10&sortBy=created_at&sortOrder=desc 200 - 1445ms","timestamp":"2026-07-31T01:02:49.336Z"}
{"level":"info","message":"GET /api/admin/orders?page=2&limit=10&sortBy=created_at&sortOrder=desc 304 - 1332ms","timestamp":"2026-07-31T01:02:50.670Z"}
{"level":"info","message":"OPTIONS /api/admin/orders?page=3&limit=10&sortBy=created_at&sortOrder=desc 204 - 2ms","timestamp":"2026-07-31T01:02:53.092Z"}
{"level":"info","message":"OPTIONS /api/admin/orders?page=3&limit=10&sortBy=created_at&sortOrder=desc 204 - 1ms","timestamp":"2026-07-31T01:02:53.096Z"}
{"level":"info","message":"GET /api/admin/orders?page=3&limit=10&sortBy=created_at&sortOrder=desc 200 - 1461ms","timestamp":"2026-07-31T01:02:54.562Z"}
{"level":"info","message":"GET /api/admin/orders?page=3&limit=10&sortBy=created_at&sortOrder=desc 304 - 1426ms","timestamp":"2026-07-31T01:02:55.992Z"}
{"level":"info","message":"OPTIONS /api/admin/orders?page=2&limit=10&sortBy=created_at&sortOrder=desc 204 - 1ms","timestamp":"2026-07-31T01:02:57.419Z"}
{"level":"info","message":"OPTIONS /api/admin/orders?page=2&limit=10&sortBy=created_at&sortOrder=desc 204 - 0ms","timestamp":"2026-07-31T01:02:57.420Z"}
{"level":"info","message":"GET /api/admin/orders?page=2&limit=10&sortBy=created_at&sortOrder=desc 304 - 1443ms","timestamp":"2026-07-31T01:02:58.865Z"}
{"level":"info","message":"OPTIONS /api/admin/orders?page=1&limit=10&sortBy=created_at&sortOrder=desc 204 - 1ms","timestamp":"2026-07-31T01:02:59.394Z"}
{"level":"info","message":"OPTIONS /api/admin/orders?page=1&limit=10&sortBy=created_at&sortOrder=desc 204 - 1ms","timestamp":"2026-07-31T01:02:59.397Z"}
{"level":"info","message":"GET /api/admin/orders?page=2&limit=10&sortBy=created_at&sortOrder=desc 304 - 1753ms","timestamp":"2026-07-31T01:03:00.622Z"}
{"level":"info","message":"GET /api/admin/orders?page=1&limit=10&sortBy=created_at&sortOrder=desc 304 - 1578ms","timestamp":"2026-07-31T01:03:00.976Z"}
{"level":"info","message":"GET /api/admin/orders?page=2&limit=10&sortBy=created_at&sortOrder=desc 304 - 1368ms","timestamp":"2026-07-31T01:03:02.024Z"}
{"level":"info","message":"GET /api/admin/orders?page=1&limit=10&sortBy=created_at&sortOrder=desc 304 - 1670ms","timestamp":"2026-07-31T01:03:02.650Z"}
{"level":"info","message":"GET /api/admin/orders?page=2&limit=10&sortBy=created_at&sortOrder=desc 304 - 1650ms","timestamp":"2026-07-31T01:03:03.694Z"}
{"level":"info","message":"OPTIONS /api/admin/orders?page=2&limit=10&sortBy=created_at&sortOrder=desc 204 - 1ms","timestamp":"2026-07-31T01:03:03.715Z"}
{"level":"info","message":"GET /api/admin/orders?page=1&limit=10&sortBy=created_at&sortOrder=desc 304 - 1428ms","timestamp":"2026-07-31T01:03:04.082Z"}
{"level":"info","message":"GET /api/admin/orders?page=2&limit=10&sortBy=created_at&sortOrder=desc 304 - 1494ms","timestamp":"2026-07-31T01:03:05.212Z"}
{"level":"info","message":"OPTIONS /api/admin/orders?page=1&limit=10&sortBy=created_at&sortOrder=desc 204 - 1ms","timestamp":"2026-07-31T01:03:06.271Z"}
{"level":"info","message":"GET /api/admin/orders?page=1&limit=10&sortBy=created_at&sortOrder=desc 200 - 1400ms","timestamp":"2026-07-31T01:03:07.673Z"}
{"level":"info","message":"GET /api/categories 200 - 1036ms","timestamp":"2026-07-31T01:03:21.269Z"}
{"level":"info","message":"GET /api/admin/products 304 - 2802ms","timestamp":"2026-07-31T01:03:23.025Z"}
{"level":"info","message":"GET /api/admin/products 304 - 3463ms","timestamp":"2026-07-31T01:03:47.700Z"}
{"level":"info","message":"GET /api/admin/roles 404 - 7ms","timestamp":"2026-07-31T01:03:50.902Z"}
{"level":"info","message":"GET /api/admin/users 200 - 799ms","timestamp":"2026-07-31T01:03:51.685Z"}
{"level":"info","message":"GET /api/categories 200 - 5ms","timestamp":"2026-07-31T01:04:22.100Z"}
{"level":"info","message":"GET /api/admin/products 304 - 3149ms","timestamp":"2026-07-31T01:04:25.231Z"}
{"level":"info","message":"GET /api/admin/roles 404 - 5ms","timestamp":"2026-07-31T01:04:26.401Z"}
{"level":"info","message":"GET /api/admin/users 304 - 845ms","timestamp":"2026-07-31T01:04:27.233Z"}
{"level":"info","message":"GET /api/categories 304 - 12ms","timestamp":"2026-07-31T01:04:29.144Z"}
{"level":"info","message":"GET /api/admin/products 304 - 1286ms","timestamp":"2026-07-31T01:04:30.401Z"}
{"level":"info","message":"GET /api/admin/roles 404 - 3ms","timestamp":"2026-07-31T01:04:31.379Z"}
{"level":"info","message":"GET /api/admin/users 304 - 887ms","timestamp":"2026-07-31T01:04:32.258Z"}
{"level":"info","message":"OPTIONS /api/admin/orders?page=1&limit=10&sortBy=created_at&sortOrder=desc 204 - 1ms","timestamp":"2026-07-31T01:04:34.628Z"}
{"level":"info","message":"GET /api/admin/orders?page=1&limit=10&sortBy=created_at&sortOrder=desc 304 - 2122ms","timestamp":"2026-07-31T01:04:36.752Z"}
{"level":"info","message":"OPTIONS /api/admin/orders?page=1&limit=10&sortBy=created_at&sortOrder=desc 204 - 0ms","timestamp":"2026-07-31T01:04:43.354Z"}
{"level":"info","message":"GET /api/admin/orders?page=1&limit=10&sortBy=created_at&sortOrder=desc 304 - 1688ms","timestamp":"2026-07-31T01:04:45.046Z"}
{"level":"info","message":"OPTIONS /api/admin/orders/e702fd1c-1291-445c-843a-45d1e75a20e5/status 204 - 1ms","timestamp":"2026-07-31T01:05:17.715Z"}
{"level":"info","message":"PATCH /api/admin/orders/e702fd1c-1291-445c-843a-45d1e75a20e5/status 500 - 2413ms","timestamp":"2026-07-31T01:05:20.142Z"}
{"level":"info","message":"OPTIONS /api/admin/orders/export?fromDate=2026-07-24&toDate=2026-07-31&responseType=blob 204 - 1ms","timestamp":"2026-07-31T01:07:31.093Z"}
{"level":"info","message":"GET /api/admin/orders/export?fromDate=2026-07-24&toDate=2026-07-31&responseType=blob 200 - 3328ms","timestamp":"2026-07-31T01:07:34.433Z"}
{"level":"info","message":"OPTIONS /api/admin/orders?page=1&limit=10&sortBy=created_at&sortOrder=desc 204 - 1ms","timestamp":"2026-07-31T01:07:40.975Z"}
{"level":"info","message":"GET /api/admin/orders?page=1&limit=10&sortBy=created_at&sortOrder=desc 304 - 1626ms","timestamp":"2026-07-31T01:07:42.606Z"}
{"level":"info","message":"OPTIONS /api/admin/orders?page=1&limit=10&sortBy=created_at&sortOrder=desc 204 - 1ms","timestamp":"2026-07-31T01:07:46.683Z"}
{"level":"info","message":"GET /api/admin/orders?page=1&limit=10&sortBy=created_at&sortOrder=desc 304 - 1451ms","timestamp":"2026-07-31T01:07:48.138Z"}
{"level":"info","message":"OPTIONS /api/admin/orders/940175c6-3c1e-44e4-a1ef-6a3368638f69/status 204 - 1ms","timestamp":"2026-07-31T01:08:04.354Z"}
{"level":"info","message":"PATCH /api/admin/orders/940175c6-3c1e-44e4-a1ef-6a3368638f69/status 500 - 2015ms","timestamp":"2026-07-31T01:08:06.372Z"}
{"level":"info","message":"OPTIONS /api/admin/orders/940175c6-3c1e-44e4-a1ef-6a3368638f69/status 204 - 0ms","timestamp":"2026-07-31T01:08:12.178Z"}
{"level":"info","message":"PATCH /api/admin/orders/940175c6-3c1e-44e4-a1ef-6a3368638f69/status 500 - 624ms","timestamp":"2026-07-31T01:08:12.804Z"}
{"level":"info","message":"PATCH /api/admin/orders/940175c6-3c1e-44e4-a1ef-6a3368638f69/status 500 - 705ms","timestamp":"2026-07-31T01:08:14.974Z"}
{"level":"info","message":"OPTIONS /api/admin/orders/940175c6-3c1e-44e4-a1ef-6a3368638f69/status 204 - 1ms","timestamp":"2026-07-31T01:08:24.074Z"}
{"level":"info","message":"PATCH /api/admin/orders/940175c6-3c1e-44e4-a1ef-6a3368638f69/status 500 - 625ms","timestamp":"2026-07-31T01:08:24.701Z"}
{"level":"info","message":"OPTIONS /api/admin/orders/940175c6-3c1e-44e4-a1ef-6a3368638f69/status 204 - 2ms","timestamp":"2026-07-31T01:09:43.118Z"}
{"level":"info","message":"PATCH /api/admin/orders/940175c6-3c1e-44e4-a1ef-6a3368638f69/status 500 - 1963ms","timestamp":"2026-07-31T01:09:45.086Z"}
{"level":"info","message":"PATCH /api/admin/orders/940175c6-3c1e-44e4-a1ef-6a3368638f69/status 500 - 541ms","timestamp":"2026-07-31T01:09:48.040Z"}
{"level":"info","message":"OPTIONS /api/admin/orders/940175c6-3c1e-44e4-a1ef-6a3368638f69/status 204 - 1ms","timestamp":"2026-07-31T01:09:48.969Z"}
{"level":"info","message":"PATCH /api/admin/orders/940175c6-3c1e-44e4-a1ef-6a3368638f69/status 500 - 619ms","timestamp":"2026-07-31T01:09:49.590Z"}
{"level":"info","message":"OPTIONS /api/admin/orders?page=1&limit=10&sortBy=created_at&sortOrder=desc 204 - 1ms","timestamp":"2026-07-31T01:10:48.705Z"}
{"level":"info","message":"GET /api/admin/orders?page=1&limit=10&sortBy=created_at&sortOrder=desc 304 - 3338ms","timestamp":"2026-07-31T01:10:52.045Z"}
{"level":"info","message":"GET /api/categories 200 - 1059ms","timestamp":"2026-07-31T01:11:17.725Z"}
{"level":"info","message":"GET /api/admin/products 304 - 2566ms","timestamp":"2026-07-31T01:11:19.181Z"}
{"level":"info","message":"GET /api/admin/roles 404 - 5ms","timestamp":"2026-07-31T01:11:26.197Z"}
{"level":"info","message":"GET /api/admin/users 304 - 778ms","timestamp":"2026-07-31T01:11:26.964Z"}
{"level":"info","message":"OPTIONS /api/auth/login 204 - 2ms","timestamp":"2026-07-31T01:12:12.335Z"}
{"level":"info","message":"POST /api/auth/login 200 - 3399ms","timestamp":"2026-07-31T01:12:15.736Z"}
{"level":"info","message":"OPTIONS /api/admin/orders?page=1&limit=10&sortBy=created_at&sortOrder=desc 204 - 1ms","timestamp":"2026-07-31T01:12:15.813Z"}
{"level":"info","message":"GET /api/admin/orders?page=1&limit=10&sortBy=created_at&sortOrder=desc 304 - 3168ms","timestamp":"2026-07-31T01:12:18.984Z"}
{"level":"info","message":"OPTIONS /api/admin/orders?page=1&limit=10&sortBy=created_at&sortOrder=desc 204 - 0ms","timestamp":"2026-07-31T01:12:33.984Z"}
{"level":"info","message":"GET /api/admin/orders?page=1&limit=10&sortBy=created_at&sortOrder=desc 304 - 4041ms","timestamp":"2026-07-31T01:12:38.028Z"}
{"level":"info","message":"OPTIONS /api/admin/orders?page=1&limit=10&sortBy=created_at&sortOrder=desc 204 - 14ms","timestamp":"2026-07-31T15:38:38.372Z"}
{"level":"info","message":"GET /api/admin/orders?page=1&limit=10&sortBy=created_at&sortOrder=desc 304 - 10284ms","timestamp":"2026-07-31T15:38:48.664Z"}
{"level":"info","message":"OPTIONS /api/admin/orders?page=1&limit=10&sortBy=created_at&sortOrder=desc 204 - 2ms","timestamp":"2026-07-31T15:38:53.964Z"}
{"level":"info","message":"GET /api/admin/orders?page=1&limit=10&sortBy=created_at&sortOrder=desc 304 - 3525ms","timestamp":"2026-07-31T15:38:57.495Z"}
{"level":"info","message":"GET /api/categories 200 - 646ms","timestamp":"2026-07-31T15:39:06.558Z"}
{"level":"info","message":"GET /api/admin/products 304 - 3588ms","timestamp":"2026-07-31T15:39:09.487Z"}
{"level":"info","message":"GET /api/admin/products 304 - 1960ms","timestamp":"2026-07-31T15:39:18.250Z"}
{"level":"info","message":"OPTIONS /api/admin/orders?page=1&limit=10&sortBy=created_at&sortOrder=desc 204 - 2ms","timestamp":"2026-07-31T15:39:18.262Z"}
{"level":"info","message":"GET /api/admin/orders?page=1&limit=10&sortBy=created_at&sortOrder=desc 304 - 3706ms","timestamp":"2026-07-31T15:39:21.971Z"}
{"level":"info","message":"OPTIONS /api/admin/orders?page=1&limit=10&sortBy=created_at&sortOrder=desc 204 - 4ms","timestamp":"2026-07-31T15:40:04.167Z"}
{"level":"info","message":"GET /api/admin/orders?page=1&limit=10&sortBy=created_at&sortOrder=desc 304 - 7462ms","timestamp":"2026-07-31T15:40:11.635Z"}
{"level":"info","message":"GET /api/categories 200 - 9ms","timestamp":"2026-07-31T15:40:15.358Z"}
{"level":"info","message":"GET /api/admin/products 304 - 2034ms","timestamp":"2026-07-31T15:40:17.372Z"}
{"level":"info","message":"OPTIONS /api/admin/orders?page=1&limit=10&sortBy=created_at&sortOrder=desc 204 - 2ms","timestamp":"2026-07-31T15:40:19.512Z"}
{"level":"info","message":"GET /api/admin/orders?page=1&limit=10&sortBy=created_at&sortOrder=desc 304 - 3540ms","timestamp":"2026-07-31T15:40:23.055Z"}
{"level":"info","message":"GET /api/admin/roles 404 - 7ms","timestamp":"2026-07-31T15:40:25.160Z"}
{"level":"info","message":"GET /api/admin/users 304 - 1266ms","timestamp":"2026-07-31T15:40:26.413Z"}
{"level":"info","message":"GET /api/categories 304 - 6ms","timestamp":"2026-07-31T15:40:46.022Z"}
{"level":"info","message":"GET /api/admin/roles 404 - 9ms","timestamp":"2026-07-31T15:40:50.422Z"}
{"level":"info","message":"GET /api/admin/products 304 - 7168ms","timestamp":"2026-07-31T15:40:53.170Z"}
{"level":"info","message":"GET /api/admin/users 304 - 3932ms","timestamp":"2026-07-31T15:40:54.335Z"}
{"level":"info","message":"GET /api/categories 304 - 8ms","timestamp":"2026-07-31T15:42:07.487Z"}
{"level":"info","message":"GET /api/admin/products 304 - 7863ms","timestamp":"2026-07-31T15:42:15.332Z"}
{"level":"info","message":"GET /api/admin/roles 404 - 4ms","timestamp":"2026-07-31T15:42:23.325Z"}
{"level":"info","message":"GET /api/admin/users 304 - 1344ms","timestamp":"2026-07-31T15:42:24.658Z"}
{"level":"info","message":"OPTIONS /api/admin/orders?page=1&limit=10&sortBy=created_at&sortOrder=desc 204 - 1ms","timestamp":"2026-07-31T15:42:26.959Z"}
{"level":"info","message":"GET /api/admin/orders?page=1&limit=10&sortBy=created_at&sortOrder=desc 304 - 3914ms","timestamp":"2026-07-31T15:42:30.875Z"}
{"level":"info","message":"GET /api/admin/roles 404 - 9ms","timestamp":"2026-07-31T15:48:07.977Z"}
{"level":"info","message":"GET /api/admin/users 304 - 8869ms","timestamp":"2026-07-31T15:48:16.813Z"}
{"level":"info","message":"GET /api/categories 200 - 2326ms","timestamp":"2026-07-31T15:48:40.398Z"}
{"level":"info","message":"GET /api/admin/products 304 - 5300ms","timestamp":"2026-07-31T15:48:43.346Z"}
{"level":"info","message":"OPTIONS /api/admin/orders?page=1&limit=10&sortBy=created_at&sortOrder=desc 204 - 1ms","timestamp":"2026-07-31T15:49:00.597Z"}
{"level":"info","message":"GET /api/admin/orders?page=1&limit=10&sortBy=created_at&sortOrder=desc 304 - 7049ms","timestamp":"2026-07-31T15:49:07.648Z"}
{"level":"info","message":"GET /api/admin/products 401 - 20ms","timestamp":"2026-07-31T15:50:11.668Z"}
{"level":"info","message":"GET /api/categories 200 - 9ms","timestamp":"2026-07-31T15:50:11.685Z"}
{"level":"info","message":"GET /api/admin/users 401 - 15ms","timestamp":"2026-07-31T15:50:14.301Z"}
{"level":"info","message":"GET /api/admin/roles 404 - 31ms","timestamp":"2026-07-31T15:50:14.337Z"}
{"level":"info","message":"OPTIONS /api/auth/login 204 - 1ms","timestamp":"2026-07-31T15:51:46.941Z"}
{"level":"info","message":"POST /api/auth/login 401 - 5832ms","timestamp":"2026-07-31T15:51:52.774Z"}
{"level":"info","message":"OPTIONS /api/auth/login 204 - 1ms","timestamp":"2026-07-31T15:52:50.913Z"}
{"level":"info","message":"POST /api/auth/login 200 - 8671ms","timestamp":"2026-07-31T15:52:59.586Z"}
{"level":"info","message":"OPTIONS /api/orders/my-orders?page=1&limit=10&sortBy=created_at&sortOrder=desc 204 - 1ms","timestamp":"2026-07-31T15:53:45.454Z"}
{"level":"info","message":"GET /api/orders/my-orders?page=1&limit=10&sortBy=created_at&sortOrder=desc 200 - 6507ms","timestamp":"2026-07-31T15:53:51.963Z"}
{"level":"info","message":"OPTIONS /api/orders/my-orders?page=1&limit=10&status=Pending&sortBy=created_at&sortOrder=desc 204 - 2ms","timestamp":"2026-07-31T15:53:57.195Z"}
{"level":"info","message":"OPTIONS /api/orders/my-orders?page=1&limit=10&status=Pending&sortBy=created_at&sortOrder=desc 204 - 1ms","timestamp":"2026-07-31T15:53:57.202Z"}
{"level":"info","message":"OPTIONS /api/orders/my-orders?page=1&limit=10&status=Processing&sortBy=created_at&sortOrder=desc 204 - 1ms","timestamp":"2026-07-31T15:53:59.764Z"}
{"level":"info","message":"OPTIONS /api/orders/my-orders?page=1&limit=10&status=Processing&sortBy=created_at&sortOrder=desc 204 - 1ms","timestamp":"2026-07-31T15:53:59.768Z"}
{"level":"info","message":"GET /api/orders/my-orders?page=1&limit=10&status=Pending&sortBy=created_at&sortOrder=desc 200 - 2847ms","timestamp":"2026-07-31T15:54:00.052Z"}
{"level":"info","message":"GET /api/orders/my-orders?page=1&limit=10&status=Processing&sortBy=created_at&sortOrder=desc 400 - 1365ms","timestamp":"2026-07-31T15:54:01.135Z"}
{"level":"info","message":"GET /api/orders/my-orders?page=1&limit=10&status=Processing&sortBy=created_at&sortOrder=desc 400 - 1267ms","timestamp":"2026-07-31T15:54:02.407Z"}
{"level":"info","message":"GET /api/orders/my-orders?page=1&limit=10&status=Pending&sortBy=created_at&sortOrder=desc 304 - 4606ms","timestamp":"2026-07-31T15:54:04.660Z"}
{"level":"info","message":"OPTIONS /api/orders/my-orders?page=1&limit=10&sortBy=created_at&sortOrder=desc 204 - 1ms","timestamp":"2026-07-31T15:54:10.615Z"}
{"level":"info","message":"GET /api/orders/my-orders?page=1&limit=10&sortBy=created_at&sortOrder=desc 304 - 2235ms","timestamp":"2026-07-31T15:54:12.853Z"}
{"level":"info","message":"OPTIONS /api/orders/my-orders?page=1&limit=10&status=Pending&sortBy=created_at&sortOrder=desc 204 - 1ms","timestamp":"2026-07-31T15:54:22.755Z"}
{"level":"info","message":"OPTIONS /api/orders/my-orders?page=1&limit=10&status=Pending&sortBy=created_at&sortOrder=desc 204 - 0ms","timestamp":"2026-07-31T15:54:22.757Z"}
{"level":"info","message":"GET /api/orders/my-orders?page=1&limit=10&status=Pending&sortBy=created_at&sortOrder=desc 304 - 5352ms","timestamp":"2026-07-31T15:54:28.110Z"}
{"level":"info","message":"GET /api/orders/my-orders?page=1&limit=10&status=Pending&sortBy=created_at&sortOrder=desc 304 - 2760ms","timestamp":"2026-07-31T15:54:30.874Z"}
{"level":"info","message":"OPTIONS /api/orders/my-orders?page=1&limit=10&status=Pending&sortBy=created_at&sortOrder=desc 204 - 2ms","timestamp":"2026-07-31T15:54:37.336Z"}
{"level":"info","message":"OPTIONS /api/orders/my-orders?page=1&limit=10&sortBy=created_at&sortOrder=desc 204 - 1ms","timestamp":"2026-07-31T15:54:37.341Z"}
{"level":"info","message":"GET /api/orders/my-orders?page=1&limit=10&status=Pending&sortBy=created_at&sortOrder=desc 304 - 4783ms","timestamp":"2026-07-31T15:54:42.126Z"}
{"level":"info","message":"GET /api/orders/my-orders?page=1&limit=10&sortBy=created_at&sortOrder=desc 304 - 6324ms","timestamp":"2026-07-31T15:54:43.675Z"}
{"level":"info","message":"OPTIONS /api/orders/my-orders?page=1&limit=10&sortBy=created_at&sortOrder=desc 204 - 4ms","timestamp":"2026-07-31T15:55:06.647Z"}
{"level":"info","message":"OPTIONS /api/orders/e702fd1c-1291-445c-843a-45d1e75a20e5 204 - 2ms","timestamp":"2026-07-31T15:55:06.657Z"}
{"level":"info","message":"GET /api/orders/e702fd1c-1291-445c-843a-45d1e75a20e5 200 - 7873ms","timestamp":"2026-07-31T15:55:14.567Z"}
{"level":"info","message":"GET /api/orders/my-orders?page=1&limit=10&sortBy=created_at&sortOrder=desc 304 - 8551ms","timestamp":"2026-07-31T15:55:15.215Z"}
{"level":"info","message":"OPTIONS /api/orders/my-orders?page=1&limit=10&sortBy=created_at&sortOrder=desc 204 - 1ms","timestamp":"2026-07-31T15:57:56.895Z"}
{"level":"info","message":"GET /api/orders/my-orders?page=1&limit=10&sortBy=created_at&sortOrder=desc 304 - 7789ms","timestamp":"2026-07-31T15:58:04.687Z"}
{"level":"info","message":"OPTIONS /api/orders/my-orders?page=1&limit=10&status=Pending&sortBy=created_at&sortOrder=desc 204 - 1ms","timestamp":"2026-07-31T15:58:07.835Z"}
{"level":"info","message":"OPTIONS /api/orders/my-orders?page=1&limit=10&status=Pending&sortBy=created_at&sortOrder=desc 204 - 1ms","timestamp":"2026-07-31T15:58:07.838Z"}
{"level":"info","message":"GET /api/orders/my-orders?page=1&limit=10&status=Pending&sortBy=created_at&sortOrder=desc 304 - 2889ms","timestamp":"2026-07-31T15:58:10.728Z"}
{"level":"info","message":"GET /api/orders/my-orders?page=1&limit=10&status=Pending&sortBy=created_at&sortOrder=desc 304 - 2453ms","timestamp":"2026-07-31T15:58:13.184Z"}
{"level":"info","message":"OPTIONS /api/orders/my-orders?page=1&limit=10&status=Pending&sortBy=created_at&sortOrder=desc 204 - 1ms","timestamp":"2026-07-31T15:58:13.734Z"}
{"level":"info","message":"OPTIONS /api/orders/my-orders?page=1&limit=10&sortBy=created_at&sortOrder=desc 204 - 2ms","timestamp":"2026-07-31T15:58:13.738Z"}
{"level":"info","message":"GET /api/orders/my-orders?page=1&limit=10&status=Pending&sortBy=created_at&sortOrder=desc 304 - 2522ms","timestamp":"2026-07-31T15:58:16.262Z"}
{"level":"info","message":"GET /api/orders/my-orders?page=1&limit=10&sortBy=created_at&sortOrder=desc 304 - 3740ms","timestamp":"2026-07-31T15:58:17.492Z"}
{"level":"info","message":"OPTIONS /api/orders/my-orders?page=1&limit=10&status=Completed&sortBy=created_at&sortOrder=desc 204 - 1ms","timestamp":"2026-07-31T15:58:31.424Z"}
{"level":"info","message":"OPTIONS /api/orders/my-orders?page=1&limit=10&status=Completed&sortBy=created_at&sortOrder=desc 204 - 2ms","timestamp":"2026-07-31T15:58:31.484Z"}
{"level":"info","message":"GET /api/orders/my-orders?page=1&limit=10&status=Completed&sortBy=created_at&sortOrder=desc 200 - 8567ms","timestamp":"2026-07-31T15:58:40.061Z"}
{"level":"info","message":"GET /api/orders/my-orders?page=1&limit=10&status=Completed&sortBy=created_at&sortOrder=desc 304 - 2712ms","timestamp":"2026-07-31T15:58:42.778Z"}
{"level":"info","message":"OPTIONS /api/orders/my-orders?page=1&limit=10&status=Completed&sortBy=created_at&sortOrder=desc 204 - 1ms","timestamp":"2026-07-31T15:58:46.987Z"}
{"level":"info","message":"OPTIONS /api/orders/my-orders?page=1&limit=10&sortBy=created_at&sortOrder=desc 204 - 2ms","timestamp":"2026-07-31T15:58:46.994Z"}
{"level":"info","message":"GET /api/orders/my-orders?page=1&limit=10&status=Completed&sortBy=created_at&sortOrder=desc 304 - 2625ms","timestamp":"2026-07-31T15:58:49.623Z"}
{"level":"info","message":"GET /api/orders/my-orders?page=1&limit=10&sortBy=created_at&sortOrder=desc 304 - 3861ms","timestamp":"2026-07-31T15:58:50.868Z"}
{"level":"info","message":"OPTIONS /api/orders/my-orders?page=1&limit=10&sortBy=created_at&sortOrder=desc 204 - 1ms","timestamp":"2026-07-31T15:59:20.396Z"}
{"level":"info","message":"OPTIONS /api/orders/0799a624-1874-4d82-abc0-ad9ba9c9b347 204 - 1ms","timestamp":"2026-07-31T15:59:20.399Z"}
{"level":"info","message":"GET /api/orders/0799a624-1874-4d82-abc0-ad9ba9c9b347 200 - 6816ms","timestamp":"2026-07-31T15:59:27.226Z"}
{"level":"info","message":"GET /api/orders/my-orders?page=1&limit=10&sortBy=created_at&sortOrder=desc 304 - 7539ms","timestamp":"2026-07-31T15:59:27.939Z"}
{"level":"info","message":"OPTIONS /api/orders/0799a624-1874-4d82-abc0-ad9ba9c9b347/cancel 204 - 2ms","timestamp":"2026-07-31T15:59:42.807Z"}
{"level":"info","message":"PUT /api/orders/0799a624-1874-4d82-abc0-ad9ba9c9b347/cancel 200 - 10950ms","timestamp":"2026-07-31T15:59:53.760Z"}
{"level":"info","message":"OPTIONS /api/orders/my-orders?page=1&limit=10&sortBy=created_at&sortOrder=desc 204 - 1ms","timestamp":"2026-07-31T15:59:53.772Z"}
{"level":"info","message":"GET /api/orders/my-orders?page=1&limit=10&sortBy=created_at&sortOrder=desc 200 - 2224ms","timestamp":"2026-07-31T15:59:56.000Z"}
{"level":"info","message":"OPTIONS /api/orders/0799a624-1874-4d82-abc0-ad9ba9c9b347 204 - 2ms","timestamp":"2026-07-31T15:59:56.010Z"}
{"level":"info","message":"GET /api/orders/0799a624-1874-4d82-abc0-ad9ba9c9b347 200 - 3306ms","timestamp":"2026-07-31T15:59:59.320Z"}
{"level":"info","message":"OPTIONS /api/orders/my-orders?page=1&limit=10&sortBy=created_at&sortOrder=desc 204 - 1ms","timestamp":"2026-07-31T16:00:07.671Z"}
{"level":"info","message":"GET /api/orders/my-orders?page=1&limit=10&sortBy=created_at&sortOrder=desc 304 - 4912ms","timestamp":"2026-07-31T16:00:12.586Z"}
{"level":"info","message":"OPTIONS /api/orders/my-orders?page=1&limit=10&status=Cancelled&sortBy=created_at&sortOrder=desc 204 - 2ms","timestamp":"2026-07-31T16:00:19.710Z"}
{"level":"info","message":"OPTIONS /api/orders/my-orders?page=1&limit=10&status=Cancelled&sortBy=created_at&sortOrder=desc 204 - 1ms","timestamp":"2026-07-31T16:00:19.714Z"}
{"level":"info","message":"GET /api/orders/my-orders?page=1&limit=10&status=Cancelled&sortBy=created_at&sortOrder=desc 200 - 3927ms","timestamp":"2026-07-31T16:00:23.642Z"}
{"level":"info","message":"GET /api/orders/my-orders?page=1&limit=10&status=Cancelled&sortBy=created_at&sortOrder=desc 304 - 2866ms","timestamp":"2026-07-31T16:00:26.512Z"}
{"level":"info","message":"OPTIONS /api/orders/my-orders?page=1&limit=10&status=Processing&sortBy=created_at&sortOrder=desc 204 - 2ms","timestamp":"2026-07-31T16:00:27.542Z"}
{"level":"info","message":"OPTIONS /api/orders/my-orders?page=1&limit=10&status=Processing&sortBy=created_at&sortOrder=desc 204 - 1ms","timestamp":"2026-07-31T16:00:27.548Z"}
{"level":"info","message":"GET /api/orders/my-orders?page=1&limit=10&status=Processing&sortBy=created_at&sortOrder=desc 400 - 1925ms","timestamp":"2026-07-31T16:00:29.475Z"}
{"level":"info","message":"GET /api/orders/my-orders?page=1&limit=10&status=Processing&sortBy=created_at&sortOrder=desc 400 - 1527ms","timestamp":"2026-07-31T16:00:31.006Z"}
{"level":"info","message":"OPTIONS /api/orders/my-orders?page=1&limit=10&status=Preparing&sortBy=created_at&sortOrder=desc 204 - 2ms","timestamp":"2026-07-31T16:00:59.493Z"}
{"level":"info","message":"OPTIONS /api/orders/my-orders?page=1&limit=10&status=Preparing&sortBy=created_at&sortOrder=desc 204 - 1ms","timestamp":"2026-07-31T16:00:59.499Z"}
{"level":"info","message":"OPTIONS /api/orders/my-orders?page=1&limit=10&sortBy=created_at&sortOrder=desc 204 - 2ms","timestamp":"2026-07-31T16:01:04.363Z"}
{"level":"info","message":"GET /api/orders/my-orders?page=1&limit=10&sortBy=created_at&sortOrder=desc 304 - 4609ms","timestamp":"2026-07-31T16:01:08.975Z"}
{"level":"info","message":"OPTIONS /api/orders/my-orders?page=1&limit=10&status=Completed&sortBy=created_at&sortOrder=desc 204 - 1ms","timestamp":"2026-07-31T16:01:26.813Z"}
{"level":"info","message":"OPTIONS /api/orders/my-orders?page=1&limit=10&status=Completed&sortBy=created_at&sortOrder=desc 204 - 0ms","timestamp":"2026-07-31T16:01:26.815Z"}
{"level":"info","message":"OPTIONS /api/orders/my-orders?page=1&limit=10&status=Completed&sortBy=created_at&sortOrder=desc 204 - 2ms","timestamp":"2026-07-31T16:01:34.440Z"}
{"level":"info","message":"GET /api/orders/my-orders?page=1&limit=10&status=Completed&sortBy=created_at&sortOrder=desc 304 - 9666ms","timestamp":"2026-07-31T16:01:36.482Z"}
{"level":"info","message":"GET /api/orders/my-orders?page=1&limit=10&status=Completed&sortBy=created_at&sortOrder=desc 304 - 4572ms","timestamp":"2026-07-31T16:01:41.057Z"}
{"level":"info","message":"GET /api/orders/my-orders?page=1&limit=10&status=Completed&sortBy=created_at&sortOrder=desc 304 - 2866ms","timestamp":"2026-07-31T16:01:43.925Z"}
{"level":"info","message":"OPTIONS /api/orders/my-orders?page=1&limit=10&status=Completed&sortBy=created_at&sortOrder=desc 204 - 1ms","timestamp":"2026-07-31T16:01:44.432Z"}
{"level":"info","message":"GET /api/orders/my-orders?page=1&limit=10&status=Completed&sortBy=created_at&sortOrder=desc 304 - 3134ms","timestamp":"2026-07-31T16:01:47.062Z"}
{"level":"info","message":"OPTIONS /api/orders/my-orders?page=1&limit=10&status=Completed&sortBy=created_at&sortOrder=desc 204 - 1ms","timestamp":"2026-07-31T16:01:49.704Z"}
{"level":"info","message":"GET /api/orders/my-orders?page=1&limit=10&status=Completed&sortBy=created_at&sortOrder=desc 304 - 3208ms","timestamp":"2026-07-31T16:01:50.274Z"}
{"level":"info","message":"GET /api/orders/my-orders?page=1&limit=10&status=Completed&sortBy=created_at&sortOrder=desc 304 - 3657ms","timestamp":"2026-07-31T16:01:53.936Z"}
{"level":"info","message":"OPTIONS /api/orders/my-orders?page=1&limit=10&status=Out+for+Delivery&sortBy=created_at&sortOrder=desc 204 - 2ms","timestamp":"2026-07-31T16:01:56.414Z"}
{"level":"info","message":"OPTIONS /api/orders/my-orders?page=1&limit=10&status=Out+for+Delivery&sortBy=created_at&sortOrder=desc 204 - 2ms","timestamp":"2026-07-31T16:01:56.417Z"}
{"level":"info","message":"GET /api/orders/my-orders?page=1&limit=10&status=Completed&sortBy=created_at&sortOrder=desc 304 - 2890ms","timestamp":"2026-07-31T16:01:56.829Z"}
{"level":"info","message":"OPTIONS /api/orders/my-orders?page=1&limit=10&status=Completed&sortBy=created_at&sortOrder=desc 204 - 1ms","timestamp":"2026-07-31T16:01:58.104Z"}
{"level":"info","message":"OPTIONS /api/orders/my-orders?page=1&limit=10&status=Completed&sortBy=created_at&sortOrder=desc 204 - 1ms","timestamp":"2026-07-31T16:01:58.107Z"}
{"level":"info","message":"GET /api/orders/my-orders?page=1&limit=10&status=Out+for+Delivery&sortBy=created_at&sortOrder=desc 200 - 3823ms","timestamp":"2026-07-31T16:02:00.242Z"}
{"level":"info","message":"GET /api/orders/my-orders?page=1&limit=10&status=Completed&sortBy=created_at&sortOrder=desc 304 - 4091ms","timestamp":"2026-07-31T16:02:00.924Z"}
{"level":"info","message":"GET /api/orders/my-orders?page=1&limit=10&status=Out+for+Delivery&sortBy=created_at&sortOrder=desc 304 - 2724ms","timestamp":"2026-07-31T16:02:02.970Z"}
{"level":"info","message":"GET /api/orders/my-orders?page=1&limit=10&status=Completed&sortBy=created_at&sortOrder=desc 304 - 2757ms","timestamp":"2026-07-31T16:02:03.687Z"}
{"level":"info","message":"OPTIONS /api/orders/my-orders?page=1&limit=10&sortBy=created_at&sortOrder=desc 204 - 2ms","timestamp":"2026-07-31T16:02:06.405Z"}
{"level":"info","message":"OPTIONS /api/orders/17fa5039-143f-46f4-ad0b-8ca791e453e1 204 - 1ms","timestamp":"2026-07-31T16:02:06.448Z"}
{"level":"info","message":"GET /api/orders/my-orders?page=1&limit=10&status=Completed&sortBy=created_at&sortOrder=desc 200 - 4782ms","timestamp":"2026-07-31T16:02:09.749Z"}
{"level":"info","message":"GET /api/orders/my-orders?page=1&limit=10&status=Completed&sortBy=created_at&sortOrder=desc 200 - 4867ms","timestamp":"2026-07-31T16:02:10.053Z"}
{"level":"info","message":"GET /api/orders/17fa5039-143f-46f4-ad0b-8ca791e453e1 200 - 3605ms","timestamp":"2026-07-31T16:02:10.077Z"}
{"level":"info","message":"GET /api/orders/my-orders?page=1&limit=10&status=Completed&sortBy=created_at&sortOrder=desc 304 - 7076ms","timestamp":"2026-07-31T16:02:10.769Z"}
{"level":"info","message":"GET /api/orders/my-orders?page=1&limit=10&sortBy=created_at&sortOrder=desc 304 - 4576ms","timestamp":"2026-07-31T16:02:11.062Z"}
{"level":"info","message":"GET /api/orders/my-orders?page=1&limit=10&status=Completed&sortBy=created_at&sortOrder=desc 200 - 3568ms","timestamp":"2026-07-31T16:02:11.780Z"}
{"level":"info","message":"GET /api/orders/my-orders?page=1&limit=10&status=Completed&sortBy=created_at&sortOrder=desc 200 - 2750ms","timestamp":"2026-07-31T16:02:12.808Z"}
{"level":"info","message":"GET /api/orders/my-orders?page=1&limit=10&status=Completed&sortBy=created_at&sortOrder=desc 200 - 3064ms","timestamp":"2026-07-31T16:02:12.817Z"}
{"level":"info","message":"GET /api/orders/my-orders?page=1&limit=10&status=Completed&sortBy=created_at&sortOrder=desc 200 - 3018ms","timestamp":"2026-07-31T16:02:13.104Z"}
{"level":"info","message":"GET /api/orders/my-orders?page=1&limit=10&status=Completed&sortBy=created_at&sortOrder=desc 200 - 2660ms","timestamp":"2026-07-31T16:02:13.436Z"}
{"level":"info","message":"GET /api/orders/my-orders?page=1&limit=10&status=Completed&sortBy=created_at&sortOrder=desc 200 - 2657ms","timestamp":"2026-07-31T16:02:13.723Z"}
{"level":"info","message":"GET /api/orders/my-orders?page=1&limit=10&status=Completed&sortBy=created_at&sortOrder=desc 200 - 2657ms","timestamp":"2026-07-31T16:02:14.446Z"}
{"level":"info","message":"GET /api/orders/my-orders?page=1&limit=10&status=Completed&sortBy=created_at&sortOrder=desc 200 - 2530ms","timestamp":"2026-07-31T16:02:15.363Z"}
{"level":"info","message":"GET /api/orders/my-orders?page=1&limit=10&status=Completed&sortBy=created_at&sortOrder=desc 200 - 2551ms","timestamp":"2026-07-31T16:02:15.371Z"}
{"level":"info","message":"GET /api/orders/my-orders?page=1&limit=10&status=Completed&sortBy=created_at&sortOrder=desc 304 - 2562ms","timestamp":"2026-07-31T16:02:15.669Z"}
{"level":"info","message":"GET /api/orders/my-orders?page=1&limit=10&status=Completed&sortBy=created_at&sortOrder=desc 200 - 2642ms","timestamp":"2026-07-31T16:02:16.081Z"}
{"level":"info","message":"GET /api/orders/my-orders?page=1&limit=10&status=Completed&sortBy=created_at&sortOrder=desc 200 - 2764ms","timestamp":"2026-07-31T16:02:16.489Z"}
{"level":"info","message":"GET /api/orders/my-orders?page=1&limit=10&status=Completed&sortBy=created_at&sortOrder=desc 304 - 3159ms","timestamp":"2026-07-31T16:02:18.833Z"}
{"level":"info","message":"GET /api/orders/my-orders?page=1&limit=10&status=Completed&sortBy=created_at&sortOrder=desc 200 - 2769ms","timestamp":"2026-07-31T16:02:20.890Z"}
{"level":"info","message":"GET /api/orders/my-orders?page=1&limit=10&status=Completed&sortBy=created_at&sortOrder=desc 200 - 2569ms","timestamp":"2026-07-31T16:02:20.893Z"}
{"level":"info","message":"GET /api/orders/my-orders?page=1&limit=10&status=Completed&sortBy=created_at&sortOrder=desc 200 - 2451ms","timestamp":"2026-07-31T16:02:20.963Z"}
{"level":"info","message":"GET /api/orders/my-orders?page=1&limit=10&status=Completed&sortBy=created_at&sortOrder=desc 200 - 2608ms","timestamp":"2026-07-31T16:02:21.303Z"}
{"level":"info","message":"GET /api/orders/my-orders?page=1&limit=10&status=Completed&sortBy=created_at&sortOrder=desc 304 - 2472ms","timestamp":"2026-07-31T16:02:21.308Z"}
{"level":"info","message":"GET /api/orders/my-orders?page=1&limit=10&status=Completed&sortBy=created_at&sortOrder=desc 200 - 2586ms","timestamp":"2026-07-31T16:02:21.703Z"}
{"level":"info","message":"GET /api/orders/my-orders?page=1&limit=10&status=Completed&sortBy=created_at&sortOrder=desc 200 - 2761ms","timestamp":"2026-07-31T16:02:23.660Z"}
{"level":"info","message":"OPTIONS /api/orders/my-orders?page=1&limit=10&sortBy=created_at&sortOrder=desc 204 - 1ms","timestamp":"2026-07-31T16:03:23.792Z"}
{"level":"info","message":"GET /api/orders/my-orders?page=1&limit=10&sortBy=created_at&sortOrder=desc 304 - 6795ms","timestamp":"2026-07-31T16:03:30.590Z"}
{"level":"info","message":"OPTIONS /api/orders/my-orders?page=1&limit=10&sortBy=created_at&sortOrder=desc 204 - 1ms","timestamp":"2026-07-31T16:03:38.985Z"}
{"level":"info","message":"OPTIONS /api/orders/17fa5039-143f-46f4-ad0b-8ca791e453e1 204 - 1ms","timestamp":"2026-07-31T16:03:38.989Z"}
{"level":"info","message":"GET /api/orders/17fa5039-143f-46f4-ad0b-8ca791e453e1 304 - 5044ms","timestamp":"2026-07-31T16:03:44.043Z"}
{"level":"info","message":"GET /api/orders/my-orders?page=1&limit=10&sortBy=created_at&sortOrder=desc 304 - 5056ms","timestamp":"2026-07-31T16:03:44.049Z"}
{"level":"info","message":"OPTIONS /api/orders/my-orders?page=1&limit=10&sortBy=created_at&sortOrder=desc 204 - 1ms","timestamp":"2026-07-31T16:07:54.912Z"}
{"level":"info","message":"OPTIONS /api/orders/0799a624-1874-4d82-abc0-ad9ba9c9b347 204 - 1ms","timestamp":"2026-07-31T16:07:55.736Z"}
{"level":"info","message":"OPTIONS /api/orders/e702fd1c-1291-445c-843a-45d1e75a20e5 204 - 2ms","timestamp":"2026-07-31T16:07:56.788Z"}
{"level":"info","message":"GET /api/orders/my-orders?page=1&limit=10&sortBy=created_at&sortOrder=desc 304 - 5203ms","timestamp":"2026-07-31T16:08:00.119Z"}
{"level":"info","message":"GET /api/orders/0799a624-1874-4d82-abc0-ad9ba9c9b347 304 - 4925ms","timestamp":"2026-07-31T16:08:00.667Z"}
{"level":"info","message":"GET /api/orders/e702fd1c-1291-445c-843a-45d1e75a20e5 200 - 4864ms","timestamp":"2026-07-31T16:08:01.656Z"}
{"level":"info","message":"GET /api/orders/my-orders?page=1&limit=10&sortBy=created_at&sortOrder=desc 304 - 2153ms","timestamp":"2026-07-31T16:08:02.274Z"}
{"level":"info","message":"GET /api/orders/my-orders?page=1&limit=10&sortBy=created_at&sortOrder=desc 304 - 3140ms","timestamp":"2026-07-31T16:08:05.418Z"}
{"level":"info","message":"GET /api/orders/my-orders?page=1&limit=10&sortBy=created_at&sortOrder=desc 304 - 4907ms","timestamp":"2026-07-31T16:08:10.329Z"}
{"level":"info","message":"GET /api/orders/my-orders?page=1&limit=10&sortBy=created_at&sortOrder=desc 304 - 5099ms","timestamp":"2026-07-31T16:08:15.430Z"}
{"level":"info","message":"OPTIONS /api/auth/login 204 - 1ms","timestamp":"2026-07-31T16:08:43.390Z"}
{"level":"info","message":"POST /api/auth/login 200 - 6245ms","timestamp":"2026-07-31T16:08:49.637Z"}
{"level":"info","message":"OPTIONS /api/admin/orders?page=1&limit=10&sortBy=created_at&sortOrder=desc 204 - 1ms","timestamp":"2026-07-31T16:08:49.778Z"}
{"level":"info","message":"GET /api/admin/orders?page=1&limit=10&sortBy=created_at&sortOrder=desc 200 - 10782ms","timestamp":"2026-07-31T16:09:00.562Z"}
{"level":"info","message":"OPTIONS /api/admin/orders?page=1&limit=10&sortBy=created_at&sortOrder=desc 204 - 2ms","timestamp":"2026-07-31T16:09:46.575Z"}
{"level":"info","message":"GET /api/admin/orders?page=1&limit=10&sortBy=created_at&sortOrder=desc 304 - 9754ms","timestamp":"2026-07-31T16:09:56.335Z"}
{"level":"info","message":"OPTIONS /api/admin/orders?page=1&limit=10&sortBy=created_at&sortOrder=desc 204 - 2ms","timestamp":"2026-07-31T16:11:06.803Z"}
{"level":"info","message":"GET /api/admin/orders?page=1&limit=10&sortBy=created_at&sortOrder=desc 304 - 7164ms","timestamp":"2026-07-31T16:11:13.989Z"}
{"level":"info","message":"GET /api/admin/orders?page=1&limit=10&sortBy=created_at&sortOrder=desc 304 - 2145ms","timestamp":"2026-07-31T16:11:16.140Z"}
{"level":"info","message":"OPTIONS /api/admin/orders/940175c6-3c1e-44e4-a1ef-6a3368638f69/status 204 - 1ms","timestamp":"2026-07-31T16:15:28.651Z"}
{"level":"info","message":"PATCH /api/admin/orders/940175c6-3c1e-44e4-a1ef-6a3368638f69/status 500 - 5346ms","timestamp":"2026-07-31T16:15:33.999Z"}
{"level":"info","message":"OPTIONS /api/admin/orders/export?fromDate=2026-07-22&toDate=2026-07-24&responseType=blob 204 - 1ms","timestamp":"2026-07-31T16:19:16.436Z"}
{"level":"info","message":"GET /api/admin/orders/export?fromDate=2026-07-22&toDate=2026-07-24&responseType=blob 200 - 12680ms","timestamp":"2026-07-31T16:19:29.118Z"}
{"level":"info","message":"GET /api/categories 200 - 2810ms","timestamp":"2026-07-31T16:20:21.316Z"}
{"level":"info","message":"GET /api/admin/products 200 - 8295ms","timestamp":"2026-07-31T16:20:26.791Z"}
{"level":"info","message":"POST /api/admin/products 500 - 78878ms","timestamp":"2026-07-31T16:24:51.903Z"}
{"level":"info","message":"GET /api/categories 200 - 3259ms","timestamp":"2026-07-31T16:25:59.046Z"}
{"level":"info","message":"GET /api/admin/products 304 - 6991ms","timestamp":"2026-07-31T16:26:02.764Z"}
{"level":"info","message":"DELETE /api/admin/products/73621ea3-bca9-4320-99d9-67f2135afae0 200 - 5281ms","timestamp":"2026-07-31T16:27:40.335Z"}
{"level":"info","message":"DELETE /api/admin/products/73621ea3-bca9-4320-99d9-67f2135afae0 500 - 3557ms","timestamp":"2026-07-31T16:27:40.716Z"}
{"level":"info","message":"DELETE /api/admin/products/73621ea3-bca9-4320-99d9-67f2135afae0 404 - 3119ms","timestamp":"2026-07-31T16:27:41.524Z"}
{"level":"info","message":"GET /api/admin/roles 404 - 5ms","timestamp":"2026-07-31T16:28:12.551Z"}
{"level":"info","message":"GET /api/admin/users 304 - 4672ms","timestamp":"2026-07-31T16:28:17.206Z"}
{"level":"info","message":"DELETE /api/admin/users/2b43e1c7-3185-4d18-99ca-002fbb109c1b 200 - 4356ms","timestamp":"2026-07-31T16:30:32.540Z"}
{"level":"info","message":"OPTIONS /api/admin/orders?page=1&limit=10&sortBy=created_at&sortOrder=desc 204 - 1ms","timestamp":"2026-07-31T16:30:57.880Z"}
{"level":"info","message":"GET /api/admin/orders?page=1&limit=10&sortBy=created_at&sortOrder=desc 304 - 6808ms","timestamp":"2026-07-31T16:31:04.692Z"}
{"level":"info","message":"OPTIONS /api/admin/orders?page=1&limit=10&sortBy=created_at&sortOrder=desc 204 - 8ms","timestamp":"2026-07-31T19:29:48.944Z"}
{"level":"info","message":"GET /api/admin/orders?page=1&limit=10&sortBy=created_at&sortOrder=desc 304 - 12167ms","timestamp":"2026-07-31T19:30:01.115Z"}
{"level":"info","message":"OPTIONS /api/admin/orders?page=1&limit=10&sortBy=created_at&sortOrder=desc 204 - 0ms","timestamp":"2026-07-31T19:30:07.401Z"}
{"level":"info","message":"GET /api/admin/orders?page=1&limit=10&sortBy=created_at&sortOrder=desc 304 - 7974ms","timestamp":"2026-07-31T19:30:15.377Z"}
{"level":"info","message":"OPTIONS /api/admin/orders?page=1&limit=10&sortBy=created_at&sortOrder=desc 204 - 10ms","timestamp":"2026-08-02T03:10:44.676Z"}
{"level":"info","message":"GET /api/admin/orders?page=1&limit=10&sortBy=created_at&sortOrder=desc 401 - 33ms","timestamp":"2026-08-02T03:10:44.716Z"}
{"level":"info","message":"OPTIONS /api/auth/login 204 - 3ms","timestamp":"2026-08-02T03:10:49.162Z"}
{"level":"info","message":"POST /api/auth/login 200 - 8343ms","timestamp":"2026-08-02T03:10:57.510Z"}
{"level":"info","message":"OPTIONS /api/admin/orders?page=1&limit=10&sortBy=created_at&sortOrder=desc 204 - 2ms","timestamp":"2026-08-02T03:10:57.604Z"}
{"level":"info","message":"GET /api/admin/orders?page=1&limit=10&sortBy=created_at&sortOrder=desc 304 - 3868ms","timestamp":"2026-08-02T03:11:01.475Z"}
{"level":"info","message":"OPTIONS /api/admin/orders?page=1&limit=10&sortBy=created_at&sortOrder=desc 204 - 2ms","timestamp":"2026-08-02T03:11:17.506Z"}
{"level":"info","message":"GET /api/admin/orders?page=1&limit=10&sortBy=created_at&sortOrder=desc 304 - 3506ms","timestamp":"2026-08-02T03:11:21.016Z"}
{"level":"info","message":"OPTIONS /api/admin/orders?page=1&limit=10&sortBy=created_at&sortOrder=desc&status=Processing 204 - 3ms","timestamp":"2026-08-02T03:12:33.586Z"}
{"level":"info","message":"GET /api/admin/orders?page=1&limit=10&sortBy=created_at&sortOrder=desc&status=Processing 400 - 2275ms","timestamp":"2026-08-02T03:12:35.863Z"}
{"level":"info","message":"OPTIONS /api/admin/orders?page=1&limit=10&sortBy=created_at&sortOrder=desc&status=Completed 204 - 2ms","timestamp":"2026-08-02T03:13:04.159Z"}
{"level":"info","message":"GET /api/admin/orders?page=1&limit=10&sortBy=created_at&sortOrder=desc&status=Completed 200 - 3452ms","timestamp":"2026-08-02T03:13:07.615Z"}
{"level":"info","message":"OPTIONS /api/admin/orders?page=1&limit=10&sortBy=created_at&sortOrder=desc&status=Unpaid 204 - 2ms","timestamp":"2026-08-02T03:13:35.003Z"}
{"level":"info","message":"GET /api/admin/orders?page=1&limit=10&sortBy=created_at&sortOrder=desc&status=Unpaid 200 - 3837ms","timestamp":"2026-08-02T03:13:38.843Z"}
{"level":"info","message":"OPTIONS /api/admin/orders?page=1&limit=10&sortBy=created_at&sortOrder=desc&status=Cancelled 204 - 1ms","timestamp":"2026-08-02T03:13:59.028Z"}
{"level":"info","message":"GET /api/admin/orders?page=1&limit=10&sortBy=created_at&sortOrder=desc&status=Cancelled 200 - 3978ms","timestamp":"2026-08-02T03:14:03.010Z"}
{"level":"info","message":"OPTIONS /api/admin/orders/export?responseType=blob 204 - 2ms","timestamp":"2026-08-02T03:14:29.842Z"}
{"level":"info","message":"GET /api/admin/orders/export?responseType=blob 400 - 1634ms","timestamp":"2026-08-02T03:14:31.478Z"}
{"level":"info","message":"OPTIONS /api/admin/orders?page=1&limit=10&sortBy=created_at&sortOrder=desc 204 - 2ms","timestamp":"2026-08-02T03:14:45.974Z"}
{"level":"info","message":"GET /api/admin/orders?page=1&limit=10&sortBy=created_at&sortOrder=desc 304 - 3723ms","timestamp":"2026-08-02T03:14:49.704Z"}
{"level":"info","message":"OPTIONS /api/admin/orders?page=1&limit=10&sortBy=created_at&sortOrder=desc 204 - 1ms","timestamp":"2026-08-02T03:14:55.399Z"}
{"level":"info","message":"OPTIONS /api/admin/orders?page=1&limit=10&sortBy=created_at&sortOrder=desc 204 - 1ms","timestamp":"2026-08-02T03:14:55.402Z"}
{"level":"info","message":"GET /api/admin/orders?page=1&limit=10&sortBy=created_at&sortOrder=desc 304 - 1774ms","timestamp":"2026-08-02T03:14:57.177Z"}
{"level":"info","message":"GET /api/admin/orders?page=1&limit=10&sortBy=created_at&sortOrder=desc 304 - 1332ms","timestamp":"2026-08-02T03:14:58.512Z"}
{"level":"info","message":"OPTIONS /api/admin/orders?page=1&limit=10&sortBy=created_at&sortOrder=desc&fromDate=2026-07-21&toDate=2026-07-22 204 - 1ms","timestamp":"2026-08-02T03:16:07.587Z"}
{"level":"info","message":"GET /api/admin/orders?page=1&limit=10&sortBy=created_at&sortOrder=desc&fromDate=2026-07-21&toDate=2026-07-22 200 - 4546ms","timestamp":"2026-08-02T03:16:12.136Z"}
{"level":"info","message":"OPTIONS /api/admin/orders?page=1&limit=10&sortBy=created_at&sortOrder=desc 204 - 2ms","timestamp":"2026-08-02T03:16:55.996Z"}
{"level":"info","message":"OPTIONS /api/admin/orders?page=1&limit=10&sortBy=created_at&sortOrder=desc 204 - 2ms","timestamp":"2026-08-02T03:16:56.002Z"}
{"level":"info","message":"GET /api/admin/orders?page=1&limit=10&sortBy=created_at&sortOrder=desc 304 - 3550ms","timestamp":"2026-08-02T03:16:59.553Z"}
{"level":"info","message":"GET /api/admin/orders?page=1&limit=10&sortBy=created_at&sortOrder=desc 304 - 1507ms","timestamp":"2026-08-02T03:17:01.064Z"}
{"level":"info","message":"OPTIONS /api/admin/orders?page=1&limit=10&sortBy=created_at&sortOrder=desc 204 - 1ms","timestamp":"2026-08-02T03:17:35.144Z"}
{"level":"info","message":"GET /api/admin/orders?page=1&limit=10&sortBy=created_at&sortOrder=desc 304 - 3617ms","timestamp":"2026-08-02T03:17:38.762Z"}
{"level":"info","message":"OPTIONS /api/admin/orders?page=1&limit=10&sortBy=created_at&sortOrder=desc&search=natiman 204 - 2ms","timestamp":"2026-08-02T03:18:13.701Z"}
{"level":"info","message":"GET /api/admin/orders?page=1&limit=10&sortBy=created_at&sortOrder=desc&search=natiman 200 - 5969ms","timestamp":"2026-08-02T03:18:19.674Z"}
{"level":"info","message":"OPTIONS /api/admin/orders?page=1&limit=10&sortBy=created_at&sortOrder=desc 204 - 2ms","timestamp":"2026-08-02T03:18:51.080Z"}
{"level":"info","message":"OPTIONS /api/admin/orders?page=1&limit=10&sortBy=created_at&sortOrder=desc 204 - 1ms","timestamp":"2026-08-02T03:18:51.083Z"}
{"level":"info","message":"GET /api/admin/orders?page=1&limit=10&sortBy=created_at&sortOrder=desc 304 - 7551ms","timestamp":"2026-08-02T03:18:58.635Z"}
{"level":"info","message":"GET /api/admin/orders?page=1&limit=10&sortBy=created_at&sortOrder=desc 304 - 1738ms","timestamp":"2026-08-02T03:19:00.376Z"}
{"level":"info","message":"GET /api/admin/orders?page=1&limit=10&sortBy=created_at&sortOrder=desc 304 - 3594ms","timestamp":"2026-08-02T03:19:03.973Z"}
{"level":"info","message":"OPTIONS /api/admin/orders?page=1&limit=10&sortBy=created_at&sortOrder=desc&search=natiman 204 - 0ms","timestamp":"2026-08-02T03:19:07.063Z"}
{"level":"info","message":"GET /api/admin/orders?page=1&limit=10&sortBy=created_at&sortOrder=desc 304 - 5207ms","timestamp":"2026-08-02T03:19:09.184Z"}
{"level":"info","message":"OPTIONS /api/admin/orders?page=1&limit=10&sortBy=created_at&sortOrder=desc 204 - 1ms","timestamp":"2026-08-02T03:19:09.212Z"}
{"level":"info","message":"GET /api/admin/orders?page=1&limit=10&sortBy=created_at&sortOrder=desc&search=natiman 304 - 3757ms","timestamp":"2026-08-02T03:19:10.823Z"}
{"level":"info","message":"GET /api/admin/orders?page=1&limit=10&sortBy=created_at&sortOrder=desc 304 - 3779ms","timestamp":"2026-08-02T03:19:12.971Z"}
{"level":"info","message":"GET /api/admin/orders?page=1&limit=10&sortBy=created_at&sortOrder=desc&search=natiman 304 - 3179ms","timestamp":"2026-08-02T03:19:14.041Z"}
{"level":"info","message":"OPTIONS /api/admin/orders?page=1&limit=10&sortBy=created_at&sortOrder=desc&search=natiman 204 - 1ms","timestamp":"2026-08-02T03:19:14.062Z"}
{"level":"info","message":"GET /api/admin/orders?page=1&limit=10&sortBy=created_at&sortOrder=desc&search=natiman 304 - 2707ms","timestamp":"2026-08-02T03:19:16.772Z"}
{"level":"info","message":"GET /api/admin/orders?page=1&limit=10&sortBy=created_at&sortOrder=desc 304 - 6144ms","timestamp":"2026-08-02T03:19:19.117Z"}
{"level":"info","message":"OPTIONS /api/admin/orders?page=1&limit=10&sortBy=created_at&sortOrder=desc 204 - 1ms","timestamp":"2026-08-02T03:19:19.145Z"}
{"level":"info","message":"GET /api/admin/orders?page=1&limit=10&sortBy=created_at&sortOrder=desc 304 - 1532ms","timestamp":"2026-08-02T03:19:20.654Z"}
{"level":"info","message":"GET /api/admin/orders?page=1&limit=10&sortBy=created_at&sortOrder=desc 304 - 1840ms","timestamp":"2026-08-02T03:19:22.497Z"}
{"level":"info","message":"OPTIONS /api/admin/orders?page=1&limit=10&sortBy=created_at&sortOrder=desc 204 - 1ms","timestamp":"2026-08-02T03:19:43.087Z"}
{"level":"info","message":"GET /api/admin/orders?page=1&limit=10&sortBy=created_at&sortOrder=desc 304 - 7675ms","timestamp":"2026-08-02T03:19:50.764Z"}
{"level":"info","message":"GET /api/admin/products 401 - 3872ms","timestamp":"2026-08-02T03:20:19.874Z"}
{"level":"info","message":"GET /api/categories 500 - 4079ms","timestamp":"2026-08-02T03:20:20.091Z"}
{"level":"info","message":"GET /api/admin/products 401 - 339ms","timestamp":"2026-08-02T03:20:33.184Z"}
{"level":"info","message":"GET /api/admin/roles 404 - 40ms","timestamp":"2026-08-02T03:20:35.967Z"}
{"level":"info","message":"GET /api/admin/users 401 - 8012ms","timestamp":"2026-08-02T03:20:43.991Z"}
{"level":"info","message":"OPTIONS /api/admin/orders?page=1&limit=10&sortBy=created_at&sortOrder=desc 204 - 8ms","timestamp":"2026-08-03T15:37:48.836Z"}
{"level":"info","message":"GET /api/admin/orders?page=1&limit=10&sortBy=created_at&sortOrder=desc 401 - 34ms","timestamp":"2026-08-03T15:37:48.876Z"}
{"level":"info","message":"OPTIONS /api/auth/login 204 - 1ms","timestamp":"2026-08-03T15:37:51.223Z"}
{"level":"info","message":"POST /api/auth/login 200 - 9855ms","timestamp":"2026-08-03T15:38:01.079Z"}
{"level":"info","message":"OPTIONS /api/admin/orders?page=1&limit=10&sortBy=created_at&sortOrder=desc 204 - 1ms","timestamp":"2026-08-03T15:38:01.139Z"}
{"level":"info","message":"GET /api/admin/orders?page=1&limit=10&sortBy=created_at&sortOrder=desc 304 - 8393ms","timestamp":"2026-08-03T15:38:09.534Z"}
{"level":"info","message":"OPTIONS /api/admin/orders?page=1&limit=10&sortBy=created_at&sortOrder=desc 204 - 1ms","timestamp":"2026-08-03T15:38:16.579Z"}
{"level":"info","message":"GET /api/admin/orders?page=1&limit=10&sortBy=created_at&sortOrder=desc 304 - 5609ms","timestamp":"2026-08-03T15:38:22.189Z"}
{"level":"info","message":"GET /api/admin/orders?page=1&limit=10&sortBy=created_at&sortOrder=desc 304 - 6533ms","timestamp":"2026-08-03T15:38:28.724Z"}
{"level":"info","message":"OPTIONS /api/admin/orders?page=1&limit=10&sortBy=created_at&sortOrder=desc 204 - 4ms","timestamp":"2026-08-03T15:42:16.519Z"}
{"level":"info","message":"OPTIONS /api/admin/orders?page=1&limit=100 204 - 1ms","timestamp":"2026-08-03T15:42:16.526Z"}
{"level":"info","message":"OPTIONS /api/admin/orders?page=1&limit=10&sortBy=created_at&sortOrder=desc 204 - 1ms","timestamp":"2026-08-03T15:42:16.528Z"}
{"level":"info","message":"GET /api/admin/orders?page=1&limit=10&sortBy=created_at&sortOrder=desc 304 - 6592ms","timestamp":"2026-08-03T15:42:23.132Z"}
{"level":"info","message":"OPTIONS /api/admin/orders?page=1&limit=10&sortBy=created_at&sortOrder=desc 204 - 1ms","timestamp":"2026-08-03T15:42:48.209Z"}
{"level":"info","message":"GET /api/admin/orders?page=1&limit=10&sortBy=created_at&sortOrder=desc 304 - 7110ms","timestamp":"2026-08-03T15:42:55.321Z"}
{"level":"info","message":"OPTIONS /api/admin/orders?page=1&limit=10&sortBy=created_at&sortOrder=desc 204 - 1ms","timestamp":"2026-08-03T15:42:59.129Z"}
{"level":"info","message":"GET /api/admin/orders?page=1&limit=10&sortBy=created_at&sortOrder=desc 304 - 2904ms","timestamp":"2026-08-03T15:43:02.037Z"}
{"level":"info","message":"OPTIONS /api/admin/orders?page=1&limit=10&sortBy=created_at&sortOrder=desc 204 - 10ms","timestamp":"2026-08-03T15:47:07.499Z"}
{"level":"info","message":"GET /api/admin/orders?page=1&limit=10&sortBy=created_at&sortOrder=desc 304 - 7723ms","timestamp":"2026-08-03T15:47:15.227Z"}
{"level":"info","message":"OPTIONS /api/admin/orders?page=1&limit=10&sortBy=created_at&sortOrder=desc 204 - 1ms","timestamp":"2026-08-03T15:47:17.283Z"}
{"level":"info","message":"GET /api/admin/orders?page=1&limit=10&sortBy=created_at&sortOrder=desc 304 - 2074ms","timestamp":"2026-08-03T15:47:19.359Z"}
{"level":"info","message":"GET /api/categories 200 - 605ms","timestamp":"2026-08-03T15:47:22.300Z"}
{"level":"info","message":"GET /api/admin/products 200 - 1845ms","timestamp":"2026-08-03T15:47:23.537Z"}
{"level":"info","message":"GET /api/admin/roles 404 - 2ms","timestamp":"2026-08-03T15:47:25.425Z"}
{"level":"info","message":"GET /api/admin/users 200 - 1583ms","timestamp":"2026-08-03T15:47:26.999Z"}
{"level":"info","message":"OPTIONS /api/admin/orders?page=1&limit=10&sortBy=created_at&sortOrder=desc 204 - 1ms","timestamp":"2026-08-03T15:47:28.843Z"}
{"level":"info","message":"GET /api/admin/orders?page=1&limit=10&sortBy=created_at&sortOrder=desc 304 - 3634ms","timestamp":"2026-08-03T15:47:32.479Z"}
{"level":"info","message":"OPTIONS /api/admin/orders?page=1&limit=10&sortBy=created_at&sortOrder=desc 204 - 1ms","timestamp":"2026-08-03T15:47:36.107Z"}
{"level":"info","message":"GET /api/admin/orders?page=1&limit=10&sortBy=created_at&sortOrder=desc 304 - 2332ms","timestamp":"2026-08-03T15:47:38.441Z"}
{"level":"info","message":"OPTIONS /api/admin/orders?page=1&limit=10&sortBy=created_at&sortOrder=desc 204 - 1ms","timestamp":"2026-08-03T15:48:01.894Z"}
{"level":"info","message":"GET /api/admin/orders?page=1&limit=10&sortBy=created_at&sortOrder=desc 304 - 6784ms","timestamp":"2026-08-03T15:48:08.680Z"}
{"level":"info","message":"OPTIONS /api/admin/orders?page=1&limit=10&sortBy=created_at&sortOrder=desc 204 - 2ms","timestamp":"2026-08-03T15:48:30.443Z"}
{"level":"info","message":"GET /api/admin/orders?page=1&limit=10&sortBy=created_at&sortOrder=desc 304 - 7211ms","timestamp":"2026-08-03T15:48:37.655Z"}
{"level":"info","message":"OPTIONS /api/admin/orders?page=1&limit=10&sortBy=created_at&sortOrder=desc 204 - 1ms","timestamp":"2026-08-03T15:48:48.011Z"}
{"level":"info","message":"GET /api/admin/orders?page=1&limit=10&sortBy=created_at&sortOrder=desc 304 - 6402ms","timestamp":"2026-08-03T15:48:54.418Z"}
{"level":"info","message":"OPTIONS /api/admin/orders?page=1&limit=10&sortBy=created_at&sortOrder=desc 204 - 1ms","timestamp":"2026-08-03T16:00:57.600Z"}
{"level":"info","message":"GET /api/admin/orders?page=1&limit=10&sortBy=created_at&sortOrder=desc 304 - 7282ms","timestamp":"2026-08-03T16:01:04.884Z"}
{"level":"info","message":"OPTIONS /api/admin/orders?page=1&limit=10&sortBy=created_at&sortOrder=desc 204 - 0ms","timestamp":"2026-08-03T16:01:21.838Z"}
{"level":"info","message":"OPTIONS /api/admin/orders?page=1&limit=10&sortBy=created_at&sortOrder=desc 204 - 0ms","timestamp":"2026-08-03T16:01:26.895Z"}
{"level":"info","message":"GET /api/admin/orders?page=1&limit=10&sortBy=created_at&sortOrder=desc 200 - 2909ms","timestamp":"2026-08-03T16:01:31.432Z"}
{"level":"info","message":"GET /api/admin/orders?page=1&limit=10&sortBy=created_at&sortOrder=desc 304 - 2195ms","timestamp":"2026-08-03T16:01:33.632Z"}
{"level":"info","message":"OPTIONS /api/admin/orders?page=1&limit=10&sortBy=created_at&sortOrder=desc 204 - 1ms","timestamp":"2026-08-03T16:02:25.756Z"}
{"level":"info","message":"GET /api/admin/orders?page=1&limit=10&sortBy=created_at&sortOrder=desc 304 - 6473ms","timestamp":"2026-08-03T16:02:32.234Z"}
{"level":"info","message":"OPTIONS /api/admin/orders?page=1&limit=10&sortBy=created_at&sortOrder=desc 204 - 1ms","timestamp":"2026-08-03T16:02:38.292Z"}
{"level":"info","message":"GET /api/admin/orders?page=1&limit=10&sortBy=created_at&sortOrder=desc 304 - 2197ms","timestamp":"2026-08-03T16:02:40.490Z"}
{"level":"info","message":"OPTIONS /api/admin/orders?page=1&limit=10&sortBy=created_at&sortOrder=desc 204 - 0ms","timestamp":"2026-08-03T16:03:54.971Z"}
{"level":"info","message":"GET /api/admin/orders?page=1&limit=10&sortBy=created_at&sortOrder=desc 304 - 7598ms","timestamp":"2026-08-03T16:04:02.571Z"}
{"level":"info","message":"OPTIONS /api/admin/orders?page=1&limit=10&sortBy=created_at&sortOrder=desc 204 - 0ms","timestamp":"2026-08-03T16:04:23.685Z"}
{"level":"info","message":"GET /api/admin/orders?page=1&limit=10&sortBy=created_at&sortOrder=desc 304 - 6623ms","timestamp":"2026-08-03T16:04:30.309Z"}
{"level":"info","message":"OPTIONS /api/admin/orders?page=1&limit=10&sortBy=created_at&sortOrder=desc 204 - 1ms","timestamp":"2026-08-03T16:12:23.687Z"}
{"level":"info","message":"OPTIONS /api/admin/orders?page=1&limit=100 204 - 0ms","timestamp":"2026-08-03T16:12:23.688Z"}
{"level":"info","message":"OPTIONS /api/admin/orders?page=1&limit=100 204 - 1ms","timestamp":"2026-08-03T16:12:30.689Z"}
{"level":"info","message":"OPTIONS /api/admin/orders?page=1&limit=100 204 - 0ms","timestamp":"2026-08-03T16:12:30.691Z"}
{"level":"info","message":"GET /api/admin/orders?page=1&limit=100 200 - 7030ms","timestamp":"2026-08-03T16:12:30.725Z"}
{"level":"info","message":"GET /api/admin/orders?page=1&limit=10&sortBy=created_at&sortOrder=desc 304 - 7643ms","timestamp":"2026-08-03T16:12:31.332Z"}
{"level":"info","message":"GET /api/admin/orders?page=1&limit=100 304 - 2147ms","timestamp":"2026-08-03T16:12:32.873Z"}
{"level":"info","message":"GET /api/admin/orders?page=1&limit=100 304 - 2503ms","timestamp":"2026-08-03T16:12:35.378Z"}
{"level":"info","message":"OPTIONS /api/admin/orders?page=1&limit=100 204 - 1ms","timestamp":"2026-08-03T16:12:36.656Z"}
{"level":"info","message":"OPTIONS /api/admin/orders?page=1&limit=100 204 - 1ms","timestamp":"2026-08-03T16:12:36.657Z"}
{"level":"info","message":"GET /api/admin/orders?page=1&limit=100 304 - 3655ms","timestamp":"2026-08-03T16:12:39.035Z"}
{"level":"info","message":"GET /api/admin/orders?page=1&limit=100 304 - 2852ms","timestamp":"2026-08-03T16:12:41.889Z"}
{"level":"info","message":"GET /api/admin/orders?page=1&limit=100 304 - 2373ms","timestamp":"2026-08-03T16:12:44.263Z"}
{"level":"info","message":"GET /api/admin/orders?page=1&limit=100 304 - 2337ms","timestamp":"2026-08-03T16:12:46.604Z"}
{"level":"info","message":"GET /api/admin/orders?page=1&limit=100 304 - 2493ms","timestamp":"2026-08-03T16:12:49.100Z"}
{"level":"info","message":"OPTIONS /api/admin/orders?page=1&limit=100 204 - 0ms","timestamp":"2026-08-03T16:12:51.666Z"}
{"level":"info","message":"OPTIONS /api/admin/orders?page=1&limit=100 204 - 1ms","timestamp":"2026-08-03T16:12:51.669Z"}
{"level":"info","message":"GET /api/admin/orders?page=1&limit=100 304 - 2666ms","timestamp":"2026-08-03T16:12:51.770Z"}
{"level":"info","message":"GET /api/admin/orders?page=1&limit=100 304 - 3137ms","timestamp":"2026-08-03T16:12:54.909Z"}
{"level":"info","message":"GET /api/admin/orders?page=1&limit=100 304 - 2959ms","timestamp":"2026-08-03T16:12:57.872Z"}
{"level":"info","message":"OPTIONS /api/admin/orders?page=1&limit=100 204 - 0ms","timestamp":"2026-08-03T16:12:59.642Z"}
{"level":"info","message":"OPTIONS /api/admin/orders?page=1&limit=100 204 - 0ms","timestamp":"2026-08-03T16:12:59.644Z"}
{"level":"info","message":"GET /api/admin/orders?page=1&limit=100 304 - 2367ms","timestamp":"2026-08-03T16:13:00.240Z"}
{"level":"info","message":"GET /api/admin/orders?page=1&limit=100 304 - 2812ms","timestamp":"2026-08-03T16:13:03.053Z"}
{"level":"info","message":"GET /api/admin/orders?page=1&limit=100 304 - 2462ms","timestamp":"2026-08-03T16:13:05.517Z"}
{"level":"info","message":"OPTIONS /api/admin/orders?page=1&limit=100 204 - 1ms","timestamp":"2026-08-03T16:13:06.635Z"}
{"level":"info","message":"GET /api/admin/orders?page=1&limit=100 304 - 3039ms","timestamp":"2026-08-03T16:13:08.557Z"}
{"level":"info","message":"GET /api/admin/orders?page=1&limit=100 304 - 2758ms","timestamp":"2026-08-03T16:13:11.316Z"}
{"level":"info","message":"GET /api/admin/orders?page=1&limit=100 304 - 2480ms","timestamp":"2026-08-03T16:13:13.797Z"}
{"level":"info","message":"GET /api/admin/orders?page=1&limit=100 304 - 2530ms","timestamp":"2026-08-03T16:13:16.329Z"}
{"level":"info","message":"GET /api/admin/orders?page=1&limit=100 304 - 2095ms","timestamp":"2026-08-03T16:13:18.428Z"}
{"level":"info","message":"GET /api/admin/orders?page=1&limit=100 304 - 2752ms","timestamp":"2026-08-03T16:13:21.182Z"}
{"level":"info","message":"GET /api/admin/orders?page=1&limit=100 304 - 2407ms","timestamp":"2026-08-03T16:13:23.592Z"}
{"level":"info","message":"OPTIONS /api/admin/orders?page=1&limit=10&sortBy=created_at&sortOrder=desc 204 - 1ms","timestamp":"2026-08-03T16:14:08.007Z"}
{"level":"info","message":"GET /api/admin/orders?page=1&limit=10&sortBy=created_at&sortOrder=desc 304 - 7374ms","timestamp":"2026-08-03T16:14:15.382Z"}
{"level":"info","message":"GET /api/admin/orders?page=1&limit=10&sortBy=created_at&sortOrder=desc 304 - 2103ms","timestamp":"2026-08-03T16:14:17.490Z"}
{"level":"info","message":"OPTIONS /api/admin/orders?page=1&limit=10&sortBy=created_at&sortOrder=desc 204 - 1ms","timestamp":"2026-08-03T16:16:04.706Z"}
{"level":"info","message":"GET /api/admin/orders?page=1&limit=10&sortBy=created_at&sortOrder=desc 304 - 6703ms","timestamp":"2026-08-03T16:16:11.411Z"}
{"level":"info","message":"OPTIONS /api/admin/orders?page=1&limit=10&sortBy=created_at&sortOrder=desc 204 - 3ms","timestamp":"2026-08-03T16:27:51.744Z"}
{"level":"info","message":"GET /api/admin/orders?page=1&limit=10&sortBy=created_at&sortOrder=desc 304 - 10363ms","timestamp":"2026-08-03T16:28:02.111Z"}
{"level":"info","message":"OPTIONS /api/admin/orders?page=1&limit=10&sortBy=created_at&sortOrder=desc 204 - 1ms","timestamp":"2026-08-03T16:40:07.891Z"}
{"level":"info","message":"GET /api/admin/orders?page=1&limit=10&sortBy=created_at&sortOrder=desc 304 - 8754ms","timestamp":"2026-08-03T16:40:16.647Z"}
{"level":"info","message":"OPTIONS /api/admin/orders?page=1&limit=10&sortBy=created_at&sortOrder=desc 204 - 0ms","timestamp":"2026-08-03T16:40:31.858Z"}
{"level":"info","message":"GET /api/admin/orders?page=1&limit=10&sortBy=created_at&sortOrder=desc 304 - 7717ms","timestamp":"2026-08-03T16:40:39.579Z"}
{"level":"info","message":"OPTIONS /api/admin/orders?page=1&limit=10&sortBy=created_at&sortOrder=desc 204 - 1ms","timestamp":"2026-08-03T16:40:52.016Z"}
{"level":"info","message":"GET /api/admin/orders?page=1&limit=10&sortBy=created_at&sortOrder=desc 304 - 11314ms","timestamp":"2026-08-03T16:41:03.332Z"}
{"level":"info","message":"OPTIONS /api/admin/orders?page=1&limit=10&sortBy=created_at&sortOrder=desc 204 - 1ms","timestamp":"2026-08-03T16:41:17.066Z"}
{"level":"info","message":"GET /api/admin/orders?page=1&limit=10&sortBy=created_at&sortOrder=desc 304 - 10922ms","timestamp":"2026-08-03T16:41:27.990Z"}
{"level":"info","message":"OPTIONS /api/admin/orders/940175c6-3c1e-44e4-a1ef-6a3368638f69/status 204 - 1ms","timestamp":"2026-08-03T16:42:36.947Z"}
{"level":"info","message":"PATCH /api/admin/orders/940175c6-3c1e-44e4-a1ef-6a3368638f69/status 400 - 6112ms","timestamp":"2026-08-03T16:42:43.060Z"}
{"level":"info","message":"OPTIONS /api/admin/orders?page=1&limit=10&sortBy=created_at&sortOrder=desc 204 - 1ms","timestamp":"2026-08-03T16:43:13.336Z"}
{"level":"info","message":"GET /api/admin/orders?page=1&limit=10&sortBy=created_at&sortOrder=desc 304 - 8120ms","timestamp":"2026-08-03T16:43:21.458Z"}
{"level":"info","message":"OPTIONS /api/admin/orders?page=1&limit=10&sortBy=created_at&sortOrder=desc 204 - 1ms","timestamp":"2026-08-03T16:46:27.629Z"}
{"level":"info","message":"GET /api/admin/orders?page=1&limit=10&sortBy=created_at&sortOrder=desc 304 - 8219ms","timestamp":"2026-08-03T16:46:35.849Z"}
{"level":"info","message":"OPTIONS /api/admin/orders?page=1&limit=10&sortBy=created_at&sortOrder=desc 204 - 1ms","timestamp":"2026-08-03T17:14:35.605Z"}
{"level":"info","message":"OPTIONS /api/admin/orders?page=1&limit=10&sortBy=created_at&sortOrder=desc 204 - 1ms","timestamp":"2026-08-03T17:14:41.651Z"}
{"level":"info","message":"GET /api/admin/orders?page=1&limit=10&sortBy=created_at&sortOrder=desc 304 - 13445ms","timestamp":"2026-08-03T17:14:49.051Z"}
{"level":"info","message":"GET /api/admin/orders?page=1&limit=10&sortBy=created_at&sortOrder=desc 304 - 4179ms","timestamp":"2026-08-03T17:14:53.231Z"}
{"level":"info","message":"OPTIONS /api/admin/orders?page=1&limit=10&sortBy=created_at&sortOrder=desc 204 - 0ms","timestamp":"2026-08-03T17:14:58.594Z"}
{"level":"info","message":"GET /api/admin/orders?page=1&limit=10&sortBy=created_at&sortOrder=desc 304 - 3752ms","timestamp":"2026-08-03T17:15:02.348Z"}
{"level":"info","message":"OPTIONS /api/admin/orders?page=1&limit=10&sortBy=created_at&sortOrder=desc 204 - 0ms","timestamp":"2026-08-03T17:24:27.606Z"}
{"level":"info","message":"GET /api/admin/orders?page=1&limit=10&sortBy=created_at&sortOrder=desc 304 - 11705ms","timestamp":"2026-08-03T17:24:39.312Z"}
{"level":"info","message":"OPTIONS /api/admin/orders?page=1&limit=10&sortBy=created_at&sortOrder=desc 204 - 1ms","timestamp":"2026-08-03T17:25:00.918Z"}
{"level":"info","message":"GET /api/admin/orders?page=1&limit=10&sortBy=created_at&sortOrder=desc 304 - 10410ms","timestamp":"2026-08-03T17:25:11.329Z"}
{"level":"info","message":"OPTIONS /api/admin/orders?page=1&limit=10&sortBy=created_at&sortOrder=desc 204 - 0ms","timestamp":"2026-08-03T17:25:19.728Z"}
{"level":"info","message":"GET /api/admin/orders?page=1&limit=10&sortBy=created_at&sortOrder=desc 304 - 7658ms","timestamp":"2026-08-03T17:25:27.387Z"}
{"level":"info","message":"OPTIONS /api/admin/orders?page=1&limit=10&sortBy=created_at&sortOrder=desc 204 - 0ms","timestamp":"2026-08-03T17:25:54.637Z"}
{"level":"info","message":"GET /api/admin/orders?page=1&limit=10&sortBy=created_at&sortOrder=desc 304 - 13911ms","timestamp":"2026-08-03T17:26:08.550Z"}
{"level":"info","message":"GET /api/admin/orders?page=1&limit=10&sortBy=created_at&sortOrder=desc 304 - 5853ms","timestamp":"2026-08-03T17:26:14.406Z"}
{"level":"info","message":"OPTIONS /api/admin/orders/export?responseType=blob 204 - 0ms","timestamp":"2026-08-03T17:26:53.227Z"}
{"level":"info","message":"GET /api/admin/orders/export?responseType=blob 400 - 4734ms","timestamp":"2026-08-03T17:26:57.964Z"}
{"level":"info","message":"OPTIONS /api/admin/orders?page=2&limit=10&sortBy=created_at&sortOrder=desc 204 - 0ms","timestamp":"2026-08-03T17:28:30.949Z"}
{"level":"info","message":"OPTIONS /api/admin/orders?page=3&limit=10&sortBy=created_at&sortOrder=desc 204 - 1ms","timestamp":"2026-08-03T17:28:35.951Z"}
{"level":"info","message":"OPTIONS /api/admin/orders?page=2&limit=10&sortBy=created_at&sortOrder=desc 204 - 1ms","timestamp":"2026-08-03T17:28:37.940Z"}
{"level":"info","message":"OPTIONS /api/admin/orders?page=1&limit=10&sortBy=created_at&sortOrder=desc 204 - 1ms","timestamp":"2026-08-03T17:28:38.574Z"}
{"level":"info","message":"GET /api/admin/orders?page=2&limit=10&sortBy=created_at&sortOrder=desc 200 - 15136ms","timestamp":"2026-08-03T17:28:46.086Z"}
{"level":"info","message":"GET /api/admin/orders?page=3&limit=10&sortBy=created_at&sortOrder=desc 200 - 10136ms","timestamp":"2026-08-03T17:28:46.090Z"}
{"level":"info","message":"GET /api/admin/orders?page=1&limit=10&sortBy=created_at&sortOrder=desc 304 - 8653ms","timestamp":"2026-08-03T17:28:47.228Z"}
{"level":"info","message":"GET /api/admin/orders?page=1&limit=10&sortBy=created_at&sortOrder=desc 304 - 3585ms","timestamp":"2026-08-03T17:28:50.815Z"}
{"level":"info","message":"GET /api/admin/orders?page=2&limit=10&sortBy=created_at&sortOrder=desc 304 - 6227ms","timestamp":"2026-08-03T17:28:52.322Z"}
{"level":"info","message":"GET /api/admin/orders?page=3&limit=10&sortBy=created_at&sortOrder=desc 304 - 8707ms","timestamp":"2026-08-03T17:28:54.807Z"}
{"level":"info","message":"GET /api/admin/orders?page=2&limit=10&sortBy=created_at&sortOrder=desc 304 - 4389ms","timestamp":"2026-08-03T17:28:56.716Z"}
{"level":"info","message":"GET /api/admin/orders?page=2&limit=10&sortBy=created_at&sortOrder=desc 304 - 3892ms","timestamp":"2026-08-03T17:29:00.612Z"}
{"level":"info","message":"OPTIONS /api/admin/orders?page=1&limit=10&sortBy=created_at&sortOrder=desc 204 - 1ms","timestamp":"2026-08-03T17:40:28.632Z"}
{"level":"info","message":"GET /api/admin/orders?page=1&limit=10&sortBy=created_at&sortOrder=desc 304 - 13675ms","timestamp":"2026-08-03T17:40:42.308Z"}
{"level":"info","message":"OPTIONS /api/admin/orders?page=1&limit=10&sortBy=created_at&sortOrder=desc 204 - 0ms","timestamp":"2026-08-03T17:40:42.574Z"}
{"level":"info","message":"GET /api/admin/orders?page=1&limit=10&sortBy=created_at&sortOrder=desc 304 - 3604ms","timestamp":"2026-08-03T17:40:46.179Z"}
{"level":"info","message":"OPTIONS /api/admin/orders?page=1&limit=10&sortBy=created_at&sortOrder=desc 204 - 0ms","timestamp":"2026-08-03T17:40:50.611Z"}
{"level":"info","message":"GET /api/admin/orders?page=1&limit=10&sortBy=created_at&sortOrder=desc 304 - 5698ms","timestamp":"2026-08-03T17:40:56.311Z"}
{"level":"info","message":"OPTIONS /api/admin/orders?page=1&limit=10&sortBy=created_at&sortOrder=desc 204 - 1ms","timestamp":"2026-08-03T17:55:21.321Z"}
{"level":"info","message":"GET /api/admin/orders?page=1&limit=10&sortBy=created_at&sortOrder=desc 304 - 12405ms","timestamp":"2026-08-03T17:55:33.728Z"}
{"level":"info","message":"OPTIONS /api/admin/orders/940175c6-3c1e-44e4-a1ef-6a3368638f69/status 204 - 0ms","timestamp":"2026-08-03T17:56:06.880Z"}
{"level":"info","message":"PATCH /api/admin/orders/940175c6-3c1e-44e4-a1ef-6a3368638f69/status 500 - 6245ms","timestamp":"2026-08-03T17:56:13.127Z"}
{"level":"info","message":"OPTIONS /api/admin/orders?page=1&limit=10&sortBy=created_at&sortOrder=desc 204 - 12ms","timestamp":"2026-08-03T17:58:39.335Z"}
{"level":"info","message":"GET /api/admin/orders?page=1&limit=10&sortBy=created_at&sortOrder=desc 304 - 18485ms","timestamp":"2026-08-03T17:58:57.848Z"}
{"level":"info","message":"OPTIONS /api/admin/orders/export?fromDate=2026-08-03&toDate=2026-08-03&responseType=blob 204 - 1ms","timestamp":"2026-08-03T17:59:48.057Z"}
{"level":"info","message":"GET /api/admin/orders/export?fromDate=2026-08-03&toDate=2026-08-03&responseType=blob 404 - 16343ms","timestamp":"2026-08-03T18:00:04.406Z"}
